ubicacion,lugar_especifico,fuente,rating,comentario,fecha_resena,comentario_limpio,n_palabras,es_spam,idioma,idioma_det,comentario_nlp,n_palabras_nlp
La Paz,,trip,,playas arena de playa tiene agua arena bastante agua arena agua muchos pequeños muchos agua nadar playa bastante bastante sillas palapas comida sillas de playa palapas limpiar muchos lugares playa conseguir,,playas arena de playa tiene agua arena bastante agua arena agua muchos pequeños muchos agua nadar playa bastante bastante sillas palapas comida sillas de playa palapas limpiar muchos lugares playa conseguir,31,False,es,es,playa arena playa agua arena agua arena agua pequeño agua nadar playa silla palapas comida silla playa palapas limpiar playa conseguir,21
La Paz,,trip,,playa hermosas sillas palapas conseguir uno tiene nadar playa pública playa pública playa,,playa hermosas sillas palapas conseguir uno tiene nadar playa pública playa pública playa,13,False,otro,es,playa hermoso silla palapas conseguir nadar playa público playa público playa,11
La Paz,,trip,,arena agua se limpió lugar hermoso lugares agradables lugares conseguir,,arena agua se limpió lugar hermoso lugares agradables lugares conseguir,10,False,otro,es,arena agua limpiar hermoso agradable conseguir,6
La Paz,,trip,,hermosas playas playa pequeña mucha comida agua y agua agua uno agua uno,,hermosas playas playa pequeña mucha comida agua y agua agua uno agua uno,13,False,otro,es,hermoso playa playa pequeño comida agua agua agua agua,9
La Paz,,trip,,playa publica palapas fin sillas publicas comida,,playa publica palapas fin sillas publicas comida,7,False,otro,es,playa publicar palapas fin silla publicar comida,7
La Paz,,trip,,playa lugar despejado,,playa lugar despejado,3,True,otro,otro,,0
La Paz,,trip,,colocar comida agua,,colocar comida agua,3,True,otro,otro,,0
La Paz,,trip,,playa comida pequeña playa pequeña playa,,playa comida pequeña playa pequeña playa,6,False,otro,es,playa comida pequeño playa pequeño playa,6
La Paz,,trip,,playa hermosas playas playa de agua buena comida,,playa hermosas playas playa de agua buena comida,8,False,es,es,playa hermoso playa playa agua bueno comida,7
La Paz,,trip,,muchas playas una,,muchas playas una,3,True,es,otro,,0
La Paz,,trip,,agradable playa pública comida palapas lugar de playa conseguir playa lugar limpio,,agradable playa pública comida palapas lugar de playa conseguir playa lugar limpio,12,False,es,es,agradable playa público comida palapas playa conseguir playa limpio,9
La Paz,,trip,,hermosa playa palapas limpia publica playa bastante limpia conseguir playa playa,,hermosa playa palapas limpia publica playa bastante limpia conseguir playa playa,11,False,otro,otro,hermoso playa palapas limpia publicar playa limpia conseguir playa playa,10
La Paz,,trip,,final final fin bastante playa tengo playa nadar nadar agua bastante clara nadar playa lugares de playa agua playa limpia pequeña bonita tengo tengo,,final final fin bastante playa tengo playa nadar nadar agua bastante clara nadar playa lugares de playa agua playa limpia pequeña bonita tengo tengo,24,False,es,otro,final final fin playa tener playa nadar nadar agua clara nadar playa playa agua playa limpia pequeño bonito tener tener,20
La Paz,,trip,,place beautiful place,,place beautiful place,3,True,en,otro,,0
La Paz,,trip,,bonita playa playa agua,,bonita playa playa agua,4,True,otro,otro,,0
La Paz,,trip,,bonita playa playas de agua,,bonita playa playas de agua,5,False,es,otro,bonito playa playa agua,4
La Paz,,trip,,beautiful place palapas get,,beautiful place palapas get,4,True,en,otro,,0
La Paz,,trip,,playa bonitas sillas limpias,,playa bonitas sillas limpias,4,True,otro,otro,,0
La Paz,,trip,,swim sand palapas,,swim sand palapas,3,True,otro,otro,,0
La Paz,,trip,,agua clara,,agua clara,2,True,otro,otro,,0
La Paz,,trip,,hermosas playas limpias playas claras comida,,hermosas playas limpias playas claras comida,6,False,otro,es,hermoso playa limpia playa clara comida,6
La Paz,,trip,,pequeño y bonito lugar de playa,,pequeño y bonito lugar de playa,6,False,es,es,pequeño bonito playa,3
La Paz,,trip,,abrir pequeñas exhibiciones visita a buena hora quiero aprender experiencia,,abrir pequeñas exhibiciones visita a buena hora quiero aprender experiencia,10,False,otro,es,abrir pequeño exhibición visita bueno hora querer aprender experiencia,9
La Paz,,trip,,buen museo aprender historia nos disfrutó comprar abierto todavía vale la pena,,buen museo aprender historia nos disfrutó comprar abierto todavía vale la pena,12,False,es,es,bueno museo aprender historia disfrutar comprar abrir vale pena,9
La Paz,,trip,,Los museos podrían exhibir exhibiciones en el museo. Aplicación de señales interesantes. También dos ayudarían.,,los museos podrían exhibir exhibiciones en el museo aplicación de señales interesantes también dos ayudarían,15,False,es,es,museo poder exhibir exhibición museo aplicación señalar interesante ayudar,9
La Paz,,trip,,museo visitado recorrido parcial museo mucha historia área exhibiciones muy bien hecha información interesante nos ayuda a conseguir que la gente quiera ver todo lo que vale la pena visitar,,museo visitado recorrido parcial museo mucha historia área exhibiciones muy bien hecha información interesante nos ayuda a conseguir que la gente quiera ver todo lo que vale la pena visitar,30,False,es,es,museo visitar recorrido parcial museo historia área exhibición hacer información interesante ayuda conseguir gente querer ver vale pena visitar,19
La Paz,,trip,,museo museo gente idioma mucho museos aplicación museo manera aprender,,museo museo gente idioma mucho museos aplicación museo manera aprender,10,False,otro,es,museo museo gente idioma museo aplicación museo aprender,8
La Paz,,trip,,museo historia historia también poca vida visitar aplicación leer señalización exhibe todo,,museo historia historia también poca vida visitar aplicación leer señalización exhibe todo,12,False,es,es,museo historia historia vida visitar aplicación leer señalización exhibir,9
La Paz,,trip,,museo exhibe información vida temprana cueva pequeña gratis,,museo exhibe información vida temprana cueva pequeña gratis,8,False,otro,es,museo exhibir información vida temprano cueva pequeño gratis,8
La Paz,,trip,,"grandes artefactos, la gente incluso",,grandes artefactos la gente incluso,5,False,es,es,grande artefacto gente incluso,4
La Paz,,trip,,ver museo primeros pesos tomar pensar museo antropología tiempo,,ver museo primeros pesos tomar pensar museo antropología tiempo,9,False,otro,es,ver museo primero peso tomar pensar museo antropología tiempo,9
La Paz,,trip,,El área de historia del museo muestra letreros de dioramas bien hechos.,,el área de historia del museo muestra letreros de dioramas bien hechos,12,False,es,es,área historia del museo muestra letrero diorama hecho,8
La Paz,,trip,,realmente ver aprender museos visitar gratis aprender museos,,realmente ver aprender museos visitar gratis aprender museos,8,False,otro,otro,realmente ver aprender museo visitar gratis aprender museo,8
La Paz,,trip,,"Encontré un lugar pequeño y abierto, bonita tienda.",,encontré un lugar pequeño y abierto bonita tienda,8,True,es,otro,,0
La Paz,,trip,,historia del museo,,historia del museo,3,True,es,otro,,0
La Paz,,trip,,pequeña parte del museo podría todo,,pequeña parte del museo podría todo,6,False,es,es,pequeño del museo poder,4
La Paz,,trip,,bonito museo que vale la pena visitar buena toma,,bonito museo que vale la pena visitar buena toma,9,False,es,es,bonito museo vale pena visitar bueno toma,7
La Paz,,trip,,museo bien exhibe todo a pesar de que la traducción podría entender museo de pesos,,museo bien exhibe todo a pesar de que la traducción podría entender museo de pesos,15,False,es,es,museo exhibir pesar traducción poder entender museo peso,8
La Paz,,trip,,entender exhibiciones lenguaje pensar entender ir exhibiciones ponerse en marcha museo hecho historia exhibiciones prehistóricas obtener exhibiciones visitadas comprar,,entender exhibiciones lenguaje pensar entender ir exhibiciones ponerse en marcha museo hecho historia exhibiciones prehistóricas obtener exhibiciones visitadas comprar,19,False,es,es,entender exhibición lenguaje pensar entender exhibición ponerse marcha museo historia exhibición prehistórico obtener exhibición visitar comprar,16
La Paz,,trip,,museo de antropología bien exhibe pequeña tienda,,museo de antropología bien exhibe pequeña tienda,7,True,es,otro,,0
La Paz,,trip,,exhibiciones que valen la pena,,exhibiciones que valen la pena,5,False,es,es,exhibición valer pena,3
La Paz,,trip,,nosotros hora alrededor historia exhibiciones hablar todavía exhibiciones poco disfrutadas,,nosotros hora alrededor historia exhibiciones hablar todavía exhibiciones poco disfrutadas,10,False,otro,es,hora alrededor historia exhibición hablar exhibición disfrutar,7
La Paz,,trip,,museo buena zona de historia todavía vale la pena,,museo buena zona de historia todavía vale la pena,9,False,es,es,museo bueno zona historia vale pena,6
La Paz,,trip,,camino del museo leer letreros hablar información bien traducción gratuita letreros también piso capaz de recorrer el museo,,camino del museo leer letreros hablar información bien traducción gratuita letreros también piso capaz de recorrer el museo,18,False,es,es,camino del museo leer letrero hablar información traducción gratuito letrero piso capaz recorrer museo,14
La Paz,,trip,,Disfruté de la exhibición prehistórica.,,disfruté de la exhibición prehistórica,5,False,es,es,disfrutar exhibición prehistórico,3
La Paz,,trip,,Un bonito y pequeño museo que exhibe pinturas que realmente hablan de señales turísticas.,,un bonito y pequeño museo que exhibe pinturas que realmente hablan de señales turísticas,14,False,es,es,bonito pequeño museo exhibir pintura realmente hablar señalar turístico,9
La Paz,,trip,,"Disfruté del pequeño museo a pesar de que los carteles decían, las pantallas, las pantallas, decían.",,disfruté del pequeño museo a pesar de que los carteles decían las pantallas las pantallas decían,16,False,es,es,disfrutar del pequeño museo pesar cartel decir pantalla pantalla decir,10
La Paz,,trip,,ver museo buen trabajo encontrado genial buena parte alrededor encontrado bueno,,ver museo buen trabajo encontrado genial buena parte alrededor encontrado bueno,11,False,otro,es,ver museo bueno trabajo encontrar genial bueno alrededor encontrar bueno,10
La Paz,,trip,,dos abiertos realmente vale la pena ir trabajo hecho tienda genial abierto,,dos abiertos realmente vale la pena ir trabajo hecho tienda genial abierto,12,True,es,otro,,0
La Paz,,trip,,interesante historia dioramas dos información,,interesante historia dioramas dos información,5,False,otro,es,interesante historia diorama información,4
La Paz,,trip,,trabajo realizado visitar museo museo interesante museo poca antropología museo de historia pequeñas exhibiciones pinturas rupestres también puedo leer exhibiciones exhibiciones museo experiencia visitada,,trabajo realizado visitar museo museo interesante museo poca antropología museo de historia pequeñas exhibiciones pinturas rupestres también puedo leer exhibiciones exhibiciones museo experiencia visitada,24,False,es,es,trabajo realizar visitar museo museo interesante museo antropología museo historia pequeño exhibición pintura rupestre poder leer exhibición exhibición museo experiencia visitar,21
La Paz,,trip,,Sería bueno ayudar a las exhibiciones. Creo que les gustaría que ayudemos.,,sería bueno ayudar a las exhibiciones creo que les gustaría que ayudemos,12,False,es,es,ser bueno ayudar exhibición crear gustar ayudar,7
La Paz,,trip,,"Disfruté de interesantes exhibiciones tempranas en el primer piso, también bien hecho, excelente trabajo.",,disfruté de interesantes exhibiciones tempranas en el primer piso también bien hecho excelente trabajo,14,False,es,es,disfrutar interesante exhibición temprano piso excelente trabajo,7
La Paz,,trip,,museo área de historia agradable ayuda a entender el área pesos piso lindo dioramas piensa modelos modelos artefactos piso historia temprana agradable podría leer interesante me gusta vale la pena,,museo área de historia agradable ayuda a entender el área pesos piso lindo dioramas piensa modelos modelos artefactos piso historia temprana agradable podría leer interesante me gusta vale la pena,30,False,es,es,museo área historia agradable ayuda entender área peso piso lindo diorama pensar modelo modelo artefacto piso historia temprano agradable poder leer interesante gustar vale pena,25
La Paz,,trip,,modela artefactos tempranos,,modela artefactos tempranos,3,True,otro,otro,,0
La Paz,,trip,,museo pequeño gran descripción general exhibición de historia pinturas rupestres prehistóricas exhibiciones ir temprano museo prehistórico gratis bien vale la pena visitar tiempo,,museo pequeño gran descripción general exhibición de historia pinturas rupestres prehistóricas exhibiciones ir temprano museo prehistórico gratis bien vale la pena visitar tiempo,23,False,es,es,museo pequeño gran descripción general exhibición historia pintura rupestre prehistórico exhibición temprano museo prehistórico gratis vale pena visitar tiempo,19
La Paz,,trip,,"visite el museo de antropología, las exhibiciones del tiempo, también disfruté de las exhibiciones de pinturas rupestres, la exhibición del piso de la vida también",,visite el museo de antropología las exhibiciones del tiempo también disfruté de las exhibiciones de pinturas rupestres la exhibición del piso de la vida también,25,False,es,es,visitar museo antropología exhibición del tiempo disfrutar exhibición pintura rupestre exhibición del piso vida,14
La Paz,,trip,,ver museo recorrernos carteles pequeños llevar querer museo de historia nos exhibe,,ver museo recorrernos carteles pequeños llevar querer museo de historia nos exhibe,12,False,es,es,ver museo recorrernos cartel pequeño llevar querer museo historia exhibir,10
La Paz,,trip,,señalización todavía artefactos vida interesante como,,señalización todavía artefactos vida interesante como,6,False,otro,es,señalización artefacto vida interesante,4
La Paz,,trip,,museo pequeñas pequeñas exhibiciones pinturas rupestres descripciones de exhibiciones históricas pinturas rupestres descripciones interesantes pinturas pequeñas exhibiciones descripciones lenguaje artefactos dioramas piso histórico exhibiciones exhibiciones sería genial también descripciones hablar entender bien historia,,museo pequeñas pequeñas exhibiciones pinturas rupestres descripciones de exhibiciones históricas pinturas rupestres descripciones interesantes pinturas pequeñas exhibiciones descripciones lenguaje artefactos dioramas piso histórico exhibiciones exhibiciones sería genial también descripciones hablar entender bien historia,33,False,es,es,museo pequeño pequeño exhibición pintura rupestre descripción exhibición histórico pintura rupestre descripción interesante pintura pequeño exhibición descripción lenguaje artefacto diorama piso histórico exhibición exhibición ser genial descripción hablar entender historia,30
La Paz,,trip,,El museo exhibe pequeñas descripciones de lotes del primer piso de EE. UU. también.,,el museo exhibe pequeñas descripciones de lotes del primer piso de ee uu también,14,False,es,es,museo exhibir pequeño descripción lote del piso,7
La Paz,,trip,,artefactos podrían valer pesos,,artefactos podrían valer pesos,4,True,otro,otro,,0
La Paz,,trip,,Disfruté visita exhibiciones área de pinturas rupestres incluso exhibiciones.,,disfruté visita exhibiciones área de pinturas rupestres incluso exhibiciones,9,False,es,es,disfrutar visita exhibición área pintura rupestre incluso exhibición,8
La Paz,,trip,,pequeña exposición histórica tiempo pequeño lenguaje,,pequeña exposición histórica tiempo pequeño lenguaje,6,False,otro,es,pequeño exposición histórico tiempo pequeño lenguaje,6
La Paz,,trip,,museo pequeña historia primer lote área encontrada,,museo pequeña historia primer lote área encontrada,7,False,otro,es,museo pequeño historia lote área encontrar,6
La Paz,,trip,,Grandes museos muestran momentos interesantes y bien hechos.,,grandes museos muestran momentos interesantes y bien hechos,8,False,otro,es,grande museo mostrar interesante hecho,5
La Paz,,trip,,"Bonito pozo que muestra la historia, el primer museo de pinturas rupestres, también una historia interesante. Tómese mucho tiempo para aprender historia.",,bonito pozo que muestra la historia el primer museo de pinturas rupestres también una historia interesante tómese mucho tiempo para aprender historia,22,False,es,es,bonito pozo muestra historia museo pintura rupestre historia interesante tómese tiempo aprender historia,13
La Paz,,trip,,museo de artefactos interesantes incluso,,museo de artefactos interesantes incluso,5,False,es,es,museo artefacto interesante incluso,4
La Paz,,trip,,museo buena descripción general gente historia bien vale la pena leer bien señalización aplicación del museo idioma de traducción tomar traducción experiencia de la aplicación mucho buena experiencia de la aplicación exhibición del museo descripción general de la gente prehistórica área prehistórica artefactos piso cueva encontrado alrededor del área disfrutado historia de la cueva piso de historia visita del museo mucha gente histórica trabajo visita tiempo tomar aprender lugar,,museo buena descripción general gente historia bien vale la pena leer bien señalización aplicación del museo idioma de traducción tomar traducción experiencia de la aplicación mucho buena experiencia de la aplicación exhibición del museo descripción general de la gente prehistórica área prehistórica artefactos piso cueva encontrado alrededor del área disfrutado historia de la cueva piso de historia visita del museo mucha gente histórica trabajo visita tiempo tomar aprender lugar,69,False,es,es,museo bueno descripción general gente historia vale pena leer señalización aplicación del museo idioma traducción tomar traducción experiencia aplicación bueno experiencia aplicación exhibición del museo descripción general gente prehistórico área prehistórico artefacto piso cueva encontrar alrededor del área disfrutar historia cueva piso historia visita del museo gente histórico trabajo visita tiempo tomar aprender,53
La Paz,,trip,,fantásticos artefactos realmente interesantes historia gente pinturas rupestres artefactos señales podría entender quedarse quieto vale la pena visitar incluso hablar vale la pena,,fantásticos artefactos realmente interesantes historia gente pinturas rupestres artefactos señales podría entender quedarse quieto vale la pena visitar incluso hablar vale la pena,23,False,es,es,fantástico artefacto realmente interesante historia gente pintura rupestre artefacto señalar poder entender quedarse quieto vale pena visitar incluso hablar vale pena,21
La Paz,,trip,,pequeño museo hora ir disfrutado gente área yendo temprano señalización capaz de vengarse leer señalización también capaz de leer piso,,pequeño museo hora ir disfrutado gente área yendo temprano señalización capaz de vengarse leer señalización también capaz de leer piso,20,False,es,es,pequeño museo hora disfrutar gente área ir temprano señalización capaz vengarse leer señalización capaz leer piso,16
La Paz,,trip,,"agradable visita al museo moverse aunque los pesos quieren llevar exhibiciones, aunque todavía es una buena hora",,agradable visita al museo moverse aunque los pesos quieren llevar exhibiciones aunque todavía es una buena hora,17,False,es,es,agradable visita museo moverse peso querer llevar exhibición bueno hora,10
La Paz,,trip,,realmente disfruté las exhibiciones del museo buena exhibición hecha disfruté mucho de la exhibición,,realmente disfruté las exhibiciones del museo buena exhibición hecha disfruté mucho de la exhibición,14,False,es,es,realmente disfrutar exhibición del museo bueno exhibición hacer disfrutar exhibición,10
La Paz,,trip,,Disfruté de la información de los dioramas. Las primeras personas están bien hechas. Vale la pena dedicarle tiempo.,,disfruté de la información de los dioramas las primeras personas están bien hechas vale la pena dedicarle tiempo,18,False,es,es,disfrutar información diorama primera persona estar hacer vale pena dedicarle tiempo,11
La Paz,,trip,,gran museo bonito recorrido museo de artefactos históricos,,gran museo bonito recorrido museo de artefactos históricos,8,False,es,es,gran museo bonito recorrido museo artefacto históricos,7
La Paz,,trip,,bien hecho museo buenas descripciones información vale la pena el tiempo,,bien hecho museo buenas descripciones información vale la pena el tiempo,11,False,es,es,museo bueno descripción información vale pena tiempo,7
La Paz,,trip,,hablar leer bien lo haría gratis todavía pensar pesos pequeñas exhibiciones bien hecho información capaz conseguir aún disfrutar agradable,,hablar leer bien lo haría gratis todavía pensar pesos pequeñas exhibiciones bien hecho información capaz conseguir aún disfrutar agradable,19,False,otro,es,hablar leer hacer gratis pensar peso pequeño exhibición información capaz conseguir disfrutar agradable,13
La Paz,,trip,,idioma leer bien museo dos vale la hora dos,,idioma leer bien museo dos vale la hora dos,9,False,es,es,idioma leer museo vale hora,5
La Paz,,trip,,good displays get even worth,,good displays get even worth,5,False,en,otro,display get worth,3
La Paz,,trip,,museo todavía nosotros señales gratis exhibiciones información primer piso grandes exhibiciones visita temprana del lugar del museo visita del museo recorrido del tiempo,,museo todavía nosotros señales gratis exhibiciones información primer piso grandes exhibiciones visita temprana del lugar del museo visita del museo recorrido del tiempo,23,False,es,es,museo señalar gratis exhibición información piso grande exhibición visita temprano del del museo visita del museo recorrido del tiempo,19
La Paz,,trip,,gran lugar visitar el museo gratis ver exhibiciones interesante tomar si todo fuera posible hacer exhibiciones bien hechas,,gran lugar visitar el museo gratis ver exhibiciones interesante tomar si todo fuera posible hacer exhibiciones bien hechas,18,False,es,es,gran visitar museo gratis ver exhibición interesante tomar ser posible exhibición hacer,12
La Paz,,trip,,"Buena exposición, muchos dioramas interesantes. Vaya al área de historia. También todo genial.",,buena exposición muchos dioramas interesantes vaya al área de historia también todo genial,13,False,es,es,bueno exposición diorama interesante vaya área historia genial,8
La Paz,,trip,,piso piso vale pesos sale gratis,,piso piso vale pesos sale gratis,6,False,otro,otro,piso piso vale peso salar gratis,6
La Paz,,trip,,piso también piso de señalización aunque hora disfrutada visita ir,,piso también piso de señalización aunque hora disfrutada visita ir,10,False,es,es,piso piso señalización hora disfrutar visita,6
La Paz,,trip,,pequeña información primero personas,,pequeña información primero personas,4,True,otro,otro,,0
La Paz,,trip,,abierto realmente vale la pena quiero experiencia realmente disfruté,,abierto realmente vale la pena quiero experiencia realmente disfruté,9,False,es,es,abrir realmente vale pena querer experiencia realmente disfrutar,8
La Paz,,trip,,Las exhibiciones pueden valer un tiempo limitado.,,las exhibiciones pueden valer un tiempo limitado,7,False,es,es,exhibición poder valer tiempo limitar,5
La Paz,,trip,,exhibir dioramas área abierta dioramas lenguaje de señalización exhibiciones aprendería la historia del área,,exhibir dioramas área abierta dioramas lenguaje de señalización exhibiciones aprendería la historia del área,14,False,es,es,exhibir diorama área abrir diorama lenguaje señalización exhibición aprender historia del área,12
La Paz,,trip,,limited museum going,,limited museum going,3,True,otro,otro,,0
La Paz,,trip,,small see us get,,small see us get,4,True,otro,otro,,0
La Paz,,trip,,piso pequeño abierto ver museo dioramas artefactos obtener experiencia visítenos bueno todo aunque área de historia hacer recorrido,,piso pequeño abierto ver museo dioramas artefactos obtener experiencia visítenos bueno todo aunque área de historia hacer recorrido,18,False,es,es,piso pequeño abrir ver museo diorama artefacto obtener experiencia visítenos bueno área historia recorrido,14
La Paz,,trip,,see part museum,,see part museum,3,True,otro,otro,,0
La Paz,,trip,,Museo visitado artefactos bien todavía todavía camino hora,,museo visitado artefactos bien todavía todavía camino hora,8,False,otro,es,museo visitar artefacto camino hora,5
La Paz,,trip,,pensar en los museos de antropología pensar bien,,pensar en los museos de antropología pensar bien,8,False,es,es,pensar museo antropología pensar,4
La Paz,,trip,,go way take,,go way take,3,True,otro,otro,,0
La Paz,,trip,,visité dos lindas experiencias modelos modelos de tiempo bien hecho incluso hora también nosotros exhibimos tiempo genial,,visité dos lindas experiencias modelos modelos de tiempo bien hecho incluso hora también nosotros exhibimos tiempo genial,17,False,es,es,visitar lindar experiencia modelo modelo tiempo incluso hora exhibir tiempo genial,11
La Paz,,trip,,pequeño museo exhibiciones interesantes señalización poco disfrutado,,pequeño museo exhibiciones interesantes señalización poco disfrutado,7,False,otro,es,pequeño museo exhibición interesante señalización disfrutar,6
La Paz,,trip,,good work museum area good museum good work going visit,,good work museum area good museum good work going visit,10,False,en,otro,work museum area museum work going visit,7
La Paz,,trip,,visitado museo lugar forma de vida,,visitado museo lugar forma de vida,6,False,es,otro,visitar museo vida,3
La Paz,,trip,,parte museo abierto vale la pena visitar información encontrada gente piso moverse excelentes exhibiciones habla un idioma limitado información disfruté la visita,,parte museo abierto vale la pena visitar información encontrada gente piso moverse excelentes exhibiciones habla un idioma limitado información disfruté la visita,22,False,es,es,museo abrir vale pena visitar información encontrar gente piso moverse excelente exhibición habla idioma limitar información disfrutar visita,18
La Paz,,trip,,visitar museo todo bien interesante historia lugar,,visitar museo todo bien interesante historia lugar,7,False,es,es,visitar museo interesante historia,4
La Paz,,trip,,museo bien información interesante historia buen lugar aprender,,museo bien información interesante historia buen lugar aprender,8,False,otro,es,museo información interesante historia bueno aprender,6
La Paz,,trip,,pequeño y agradable museo exhibiciones limitadas exhibiciones de antropología histórica como si realmente estuviera bien bien hecho,,pequeño y agradable museo exhibiciones limitadas exhibiciones de antropología histórica como si realmente estuviera bien bien hecho,17,False,es,es,pequeño agradable museo exhibición limitar exhibición antropología histórico realmente estar,10
La Paz,,trip,,gran pequeño museo tiempo tomar una hora dos ir interesante ver artefactos encontrados,,gran pequeño museo tiempo tomar una hora dos ir interesante ver artefactos encontrados,13,False,es,es,gran pequeño museo tiempo tomar hora interesante ver artefacto encontrar,10
La Paz,,trip,,artefactos de museo aunque,,artefactos de museo aunque,4,True,es,otro,,0
La Paz,,trip,,historia historia interesante muestra grandes pesos,,historia historia interesante muestra grandes pesos,6,False,otro,es,historia historia interesante muestra grande peso,6
La Paz,,trip,,gran visita museo quiero aprender historia,,gran visita museo quiero aprender historia,6,False,otro,es,gran visita museo querer aprender historia,6
La Paz,,trip,,museo buen lugar hora historia visitar cueva,,museo buen lugar hora historia visitar cueva,7,False,otro,es,museo bueno hora historia visitar cueva,6
La Paz,,trip,,fantástico viaje isla camping playas vírgenes exploradas caminatas snorkel natación sentarse en la playa disfrutando de la noche excelentes guías guías se aseguraron de poder excelente delicioso saludable siempre servido,,fantástico viaje isla camping playas vírgenes exploradas caminatas snorkel natación sentarse en la playa disfrutando de la noche excelentes guías guías se aseguraron de poder excelente delicioso saludable siempre servido,30,False,es,es,fantástico viaje isla camping playa virgen explorar caminata snorkel natación sentarse playa disfrutar noche excelente guía guía asegurar poder excelente delicioso saludable servir,23
La Paz,,trip,,viaje paz ciudad increíble tranquilo lleno playas limpio incluso encontrar gente agua clima perfecto me quedé pareja lejos malecón excelente vista fui a la ciudad encontrar lugares de comida precios generalmente gastado mucho junto al malecón también un poco agradable muchas actividades malecón ya estoy pensando en las próximas vacaciones paz,,viaje paz ciudad increíble tranquilo lleno playas limpio incluso encontrar gente agua clima perfecto me quedé pareja lejos malecón excelente vista fui a la ciudad encontrar lugares de comida precios generalmente gastado mucho junto al malecón también un poco agradable muchas actividades malecón ya estoy pensando en las próximas vacaciones paz,51,True,es,otro,,0
La Paz,,trip,,una de las mejores experiencias vidas experiencia favorita reservada tour en barco paz espíritu santo isla primera parada en realidad bote chalecos salvavidas equipo de snorkel buceo agua nadar tocar leones literalmente una experiencia mágica alguna vez leones como grandes cachorros nadaron grupo dentro de la cueva peces extremadamente coloridos coral leones gigantes nos nadaron a continuación tenemos barco playa prístina agua de ensenada en realidad bastante cálida cristalina mejor ceviche juntos grupo parte de la isla haciendo sentir como otra experiencia espera regresar caminata campamento isla parte mundo experiencia de video completo,,una de las mejores experiencias vidas experiencia favorita reservada tour en barco paz espíritu santo isla primera parada en realidad bote chalecos salvavidas equipo de snorkel buceo agua nadar tocar leones literalmente una experiencia mágica alguna vez leones como grandes cachorros nadaron grupo dentro de la cueva peces extremadamente coloridos coral leones gigantes nos nadaron a continuación tenemos barco playa prístina agua de ensenada en realidad bastante cálida cristalina mejor ceviche juntos grupo parte de la isla haciendo sentir como otra experiencia espera regresar caminata campamento isla parte mundo experiencia de video completo,93,False,es,es,mejorar experiencia vida experiencia favorito reservar tour barco paz espíritu santo isla parada realidad bote chaleco salvavidas equipo snorkel buceo agua nadar tocar león literalmente experiencia mágico alguno león grande cachorro nadar grupo dentrar cueva pecar extremadamente colorido coral león gigante nadar continuación tener barco playa prístino agua ensenada realidad cálido cristalino mejor ceviche junto grupo isla hacendar sentir experiencia espera regresar caminata campamento isla mundo experiencia video completo,69
La Paz,,trip,,huir gran excursión turística evitar costosas excursiones de largas horas incluyendo horas navegando sin ver nada una hora una isla playas atrás realmente vale la pena viajar mucho mencionar comida compartir gente poco ceviche hablar mucho hacer cabeza ir despacio ahorrar,,huir gran excursión turística evitar costosas excursiones de largas horas incluyendo horas navegando sin ver nada una hora una isla playas atrás realmente vale la pena viajar mucho mencionar comida compartir gente poco ceviche hablar mucho hacer cabeza ir despacio ahorrar,41,False,es,es,huir gran excursión turístico evitar costoso excursión larga hora incluir hora navegar ver nada hora isla playa atrás realmente vale pena viajar mencionar comida compartir gente ceviche hablar cabeza despacio ahorrar,31
La Paz,,trip,,arrepentirse de haber reservado el tour a la isla espíritu tours habló hombre malecón tiburón ballena firmado tour a la isla espíritu se supone que incluye snorkel tres diferentes dijo tres snorkel iría a ver leones islotes ya que podría hacer snorkel de todos modos temporada de apareamiento día siguiente tour del día nosotros ven temprano llegar temprano seguro desde que terminó sentado casi una hora salir temprano tour grande esperando buen snorkel primer lugar para bucear pez impresionante nada sorprendente pensamiento todavía quedan dos lugares para bucear sorprendido izquierda isla espíritu en dirección a la playa almuerzo almuerzo sentado alrededor de la playa en dirección hacia atrás paz parada pájaro cubierto de roca dijo podía ir a bucear fuerte mirada de pájaro como lugar para bucear barcos gente buceando roca cubierta hecho el lugar para bucear nos ofreció la oportunidad bucear podría decir que nos dio la oportunidad sabiendo que nadie querría bucear agua se dirigió paz bastante en su lugar bucear tres consiguieron bucear en un lugar hacer bucear también vi pequeña isla de espíritu creo que hizo incluso isla pensé dar ver islotes de leones hecho de bucear hizo ver islotes de leones absolutamente nada,,arrepentirse de haber reservado el tour a la isla espíritu tours habló hombre malecón tiburón ballena firmado tour a la isla espíritu se supone que incluye snorkel tres diferentes dijo tres snorkel iría a ver leones islotes ya que podría hacer snorkel de todos modos temporada de apareamiento día siguiente tour del día nosotros ven temprano llegar temprano seguro desde que terminó sentado casi una hora salir temprano tour grande esperando buen snorkel primer lugar para bucear pez impresionante nada sorprendente pensamiento todavía quedan dos lugares para bucear sorprendido izquierda isla espíritu en dirección a la playa almuerzo almuerzo sentado alrededor de la playa en dirección hacia atrás paz parada pájaro cubierto de roca dijo podía ir a bucear fuerte mirada de pájaro como lugar para bucear barcos gente buceando roca cubierta hecho el lugar para bucear nos ofreció la oportunidad bucear podría decir que nos dio la oportunidad sabiendo que nadie querría bucear agua se dirigió paz bastante en su lugar bucear tres consiguieron bucear en un lugar hacer bucear también vi pequeña isla de espíritu creo que hizo incluso isla pensé dar ver islotes de leones hecho de bucear hizo ver islotes de leones absolutamente nada,198,False,es,es,arrepentirse reservado tour isla espíritu tour hablar hombre malecón tiburón ballena firmar tour isla espíritu suponer incluir snorkel diferente decir snorkel ir ver león islote poder snorkel modo temporada apareamiento siguiente tour del ver temprano llegar temprano seguro terminar sentar hora salir temprano tour grande esperar bueno snorkel bucear pez impresionante nada sorprendente pensamiento quedar bucear sorprender izquierda isla espíritu dirección playa almuerzo almuerzo sentar alrededor playa dirección atrás paz parada pájaro cubierto roca decir poder bucear fuerte mirada pájaro bucear barco gente bucear roca cubierta bucear ofrecer oportunidad bucear poder decir dar oportunidad saber nadie querer bucear agua dirigir paz bucear conseguir bucear bucear pequeño isla espíritu crear hacer incluso isla pensar dar ver islote león bucear hacer ver islote león absolutamente nada,124
La Paz,,trip,,tours reservados nos intentaron dar pesos pensé que regresaría listo abordar el barco seguía diciendo que finalmente me dijeron que los operadores lograron devolvernos los pesos dinero completo precios más baratos largo plazo día de regreso habría reservado la compañía,,tours reservados nos intentaron dar pesos pensé que regresaría listo abordar el barco seguía diciendo que finalmente me dijeron que los operadores lograron devolvernos los pesos dinero completo precios más baratos largo plazo día de regreso habría reservado la compañía,40,True,es,otro,,0
La Paz,,trip,,guía increíble área de nosotros las focas se tomaron el tiempo todos también se tomaron el tiempo parar escuchar el área de vida silvestre podría experimentar altamente lo recomiendo,,guía increíble área de nosotros las focas se tomaron el tiempo todos también se tomaron el tiempo parar escuchar el área de vida silvestre podría experimentar altamente lo recomiendo,29,False,es,es,guía increíble área foca tomar tiempo tomar tiempo parar escuchar área vida silvestre poder experimentar altamente recomendar,17
La Paz,,trip,,Un día increíble de vida fantástico paseo en barco snorkeling almuerzo playa remota increíble vida marina alrededor incluidos leones operadores turísticos conocen bien la zona dan vida diurna maravilloso cuerpo de agua,,un día increíble de vida fantástico paseo en barco snorkeling almuerzo playa remota increíble vida marina alrededor incluidos leones operadores turísticos conocen bien la zona dan vida diurna maravilloso cuerpo de agua,32,False,es,es,increíble vida fantástico paseo barco snorkeling almuerzo playa remoto increíble vida marina alrededor incluir león operador turístico conocer zona dar vida diurno maravilloso cuerpo agua,25
La Paz,,trip,,uno lugares hermosos isla espíritu santo playas increíbles increíbles áreas de acceso remoto aunque el acceso en barco requiere totalmente vale la pena una experiencia natural impresionante,,uno lugares hermosos isla espíritu santo playas increíbles increíbles áreas de acceso remoto aunque el acceso en barco requiere totalmente vale la pena una experiencia natural impresionante,27,False,es,es,hermoso isla espíritu santo playa increíble increíble área acceso remoto acceso barco requerir totalmente vale pena experiencia natural impresionante,19
La Paz,,trip,,servicio de guía de pesca reservado viaje de buceo ir isla espíritu santo agua áspera isla capaz ver piqueros de patas azules leones cachorros aves fragata buceo prístino coral vivo muchos peces tropicales tratar,,servicio de guía de pesca reservado viaje de buceo ir isla espíritu santo agua áspera isla capaz ver piqueros de patas azules leones cachorros aves fragata buceo prístino coral vivo muchos peces tropicales tratar,34,False,es,es,servicio guía pesca reservado viaje buceo isla espíritu santo agua áspero isla capaz ver piqueros pata azular león cachorro ave fragata buceo prístino coral vivo pecar tropical tratar,28
La Paz,,trip,,"una experiencia increíble, alguna vez he ido al restaurante, restaurante, también excelente comida, isla, naturaleza increíble, conoce el restaurante, practica snorkel, chicos geniales, guías, muy recomendable.",,una experiencia increíble alguna vez he ido al restaurante restaurante también excelente comida isla naturaleza increíble conoce el restaurante practica snorkel chicos geniales guías muy recomendable,26,False,es,es,experiencia increíble alguno ir restaurante restaurante excelente comida isla naturaleza increíble conocer restaurante practicar snorkel chico genial guía recomendable,19
La Paz,,trip,,fue espíritu grupo actividad de snorkel sentirse seguro experiencia pronto cayó largo camino de regreso grupo asustadizo leones macho rocas nadar fuertemente grupo se sintió aislado guía de natación parecía interesado volvería fácil apoyo finalizar visita planeada incluir espíritu snorkel decepcionado compañía de viajes revisión seguridad todavía pregunta regresar fácil habló agua terminar evitar compañía hacer snorkel fuerte,,fue espíritu grupo actividad de snorkel sentirse seguro experiencia pronto cayó largo camino de regreso grupo asustadizo leones macho rocas nadar fuertemente grupo se sintió aislado guía de natación parecía interesado volvería fácil apoyo finalizar visita planeada incluir espíritu snorkel decepcionado compañía de viajes revisión seguridad todavía pregunta regresar fácil habló agua terminar evitar compañía hacer snorkel fuerte,58,False,es,es,espíritu grupo actividad snorkel sentirse seguro experiencia pronto caer largo camino regreso grupo asustadizo león macho roca nadar fuertemente grupo sentir aislar guía natación parecer interesado volverse fácil apoyo finalizar visita planear incluir espíritu snorkel decepcionar compañía viaje revisión seguridad pregunta regresar fácil hablar agua terminar evitar compañía snorkel fuerte,50
La Paz,,trip,,fantástica aventura de medio día ballenas aguas poco profundas a menudo guías tempranos fantástico comprobar agua libro turbio ballenas turbias muy cerca poco quiero encuentro cercano definitivamente tours mejor,,fantástica aventura de medio día ballenas aguas poco profundas a menudo guías tempranos fantástico comprobar agua libro turbio ballenas turbias muy cerca poco quiero encuentro cercano definitivamente tours mejor,29,False,es,es,fantástico aventura medio ballena agua profundar menudo guía temprano fantástico comprobar agua libro turbio ballena turbia cerca querer encuentro cercano definitivamente tour mejor,23
La Paz,,trip,,espíritu santo isla islotes extrañé a alguien océano abundante vida silvestre fletado baja pasó cinco días cuatro noches islas recorrido por focas islotes bucear paz gran guía las focas vienen bien atardeceres bucear con esnórquel calas increíbles trajes de neopreno capaz de permanecer agua horas sol cálido como el océano bucear con esnórquel belleza natural lugar de señorita,,espíritu santo isla islotes extrañé a alguien océano abundante vida silvestre fletado baja pasó cinco días cuatro noches islas recorrido por focas islotes bucear paz gran guía las focas vienen bien atardeceres bucear con esnórquel calas increíbles trajes de neopreno capaz de permanecer agua horas sol cálido como el océano bucear con esnórquel belleza natural lugar de señorita,58,False,es,es,espíritu santo isla islote extrañar alguien océano abundante vida silvestre fletar baja pasar noche isla recorrido foca islote bucear paz gran guía foca venir atardecer bucear esnórquel cala increíble traje neopreno capaz permanecer agua hora sol cálido océano bucear esnórquel belleza natural señorito,43
La Paz,,trip,,isla espíritu santo isla habitada leones tour firmado nadar leones en vivo tomaron tours en botes más pequeños hora maravillosa hora tour da oportunidad snorkel leones almuerzo hermosa playa aprender un poco de historia a lo largo del camino izquierda alquiler de bote traje de neopreno lo haría desde el agua fría llegó a la isla leones por todas partes rocas toque de agua bebés bebé venga poner cabeza hembra nadar atrás bebé quería jugar experiencia maravillosa recomendaría,,isla espíritu santo isla habitada leones tour firmado nadar leones en vivo tomaron tours en botes más pequeños hora maravillosa hora tour da oportunidad snorkel leones almuerzo hermosa playa aprender un poco de historia a lo largo del camino izquierda alquiler de bote traje de neopreno lo haría desde el agua fría llegó a la isla leones por todas partes rocas toque de agua bebés bebé venga poner cabeza hembra nadar atrás bebé quería jugar experiencia maravillosa recomendaría,78,False,es,es,isla espíritu santo isla habitar león tour firmar nadar león vivo tomar tour bote pequeño hora maravilloso hora tour oportunidad snorkel león almuerzo hermoso playa aprender historia largo del camino izquierda alquiler bote traje neopreno hacer agua frío llegar isla león roca toque agua bebé bebé vengar poner cabeza hembra nadar atrás bebé querer jugar experiencia maravilloso recomendar,58
La Paz,,trip,,La mejor experiencia turística en Isla Espíritu Santo. Visita imprescindible a la isla. Excelente recorrido. Realmente disfruté. Muy recomendable. Nadamos en islotes. Incluso vimos ballenas jorobadas. Regresar. Paz.,,la mejor experiencia turística en isla espíritu santo visita imprescindible a la isla excelente recorrido realmente disfruté muy recomendable nadamos en islotes incluso vimos ballenas jorobadas regresar paz,28,False,es,es,mejor experiencia turístico isla espíritu santo visita imprescindible isla excelente recorrido realmente disfrutar recomendable nadar islote incluso ver ballena jorobado regresar paz,22
La Paz,,trip,,paz tomó un bote pequeño local para ir a isla espíritu santo botes bien organizados asequible experimentado capitán guía amigable toma una hora obtener cosas de la isla vistas barco de la isla fantástico snorkeling focas almuerzo en la playa proporcionado playas del capitán isla como un sueño,,paz tomó un bote pequeño local para ir a isla espíritu santo botes bien organizados asequible experimentado capitán guía amigable toma una hora obtener cosas de la isla vistas barco de la isla fantástico snorkeling focas almuerzo en la playa proporcionado playas del capitán isla como un sueño,48,False,es,es,paz tomar bote pequeño local isla espíritu santo bote organizar asequible experimentar capitán guía amigable toma hora obtener isla vista barco isla fantástico snorkeling foca almuerzo playa proporcionar playa del capitán isla sueño,33
La Paz,,trip,,Pasé tres días en el viaje espíritu santo lugar encantador genial formaciones rocosas increíbles excelente playa de kayak suerte excelentes guías experiencia maravillosa,,pasé tres días en el viaje espíritu santo lugar encantador genial formaciones rocosas increíbles excelente playa de kayak suerte excelentes guías experiencia maravillosa,23,False,es,es,pasar viaje espíritu santo encantador genial formación rocoso increíble excelente playa kayak suerte excelente guía experiencia maravilloso,17
La Paz,,trip,,increíble a lo largo de leones practicando snorkel snorkeling increíble almuerzo espíritu santo ceviche mejor cada fantástico real destacado muy recomendado,,increíble a lo largo de leones practicando snorkel snorkeling increíble almuerzo espíritu santo ceviche mejor cada fantástico real destacado muy recomendado,21,False,es,es,increíble largo león practicar snorkel snorkeling increíble almuerzo espíritu santo ceviche mejor fantástico real destacar recomendado,16
La Paz,,trip,,debe ver destino de naturaleza paseo en bote maravillas completas guía informado explorar elija una baja caminata cañón interesante experiencia de naturaleza también kayak,,debe ver destino de naturaleza paseo en bote maravillas completas guía informado explorar elija una baja caminata cañón interesante experiencia de naturaleza también kayak,24,False,es,es,debe ver destino naturaleza paseo bote maravilla completar guía informar explorar elijar baja caminata cañón interesante experiencia naturaleza kayak,19
La Paz,,trip,,Visité la isla Espiritu Tours Altamente recomendado Guía increíble Muy bien informado Amable Nadó Leones Experiencia Recuerde descansar Vida Isla Pequeñas playas alrededor Impresionante debido a la naturaleza intacta Amor Volver Viaje de buceo,,visité la isla espiritu tours altamente recomendado guía increíble muy bien informado amable nadó leones experiencia recuerde descansar vida isla pequeñas playas alrededor impresionante debido a la naturaleza intacta amor volver viaje de buceo,34,False,es,es,visitar isla espiritu tour altamente recomendado guía increíble informar amable nadar león experiencia recordar descansar vida isla pequeño playa alrededor impresionante deber naturaleza intacto amor volver viaje buceo,28
La Paz,,trip,,Isla visitada a través de un viaje rápido de un día. Muy recomendable utilizar noches disfrutadas. Kayak. Nadando. Tiburones ballena. Leones. Senderismo. Isla hermosa.,,isla visitada a través de un viaje rápido de un día muy recomendable utilizar noches disfrutadas kayak nadando tiburones ballena leones senderismo isla hermosa,24,False,es,es,isla visitar través viaje rápido recomendable utilizar noche disfrutar kayak nadar tiburón ballena león senderismo isla hermoso,17
La Paz,,trip,,Uno de los mejores lugares jamás visitados. Dormir mágico. Casi las mejores olas. Estrellas. Comida impresionante. Un buen lugar. Experiencia de por vida.,,uno de los mejores lugares jamás visitados dormir mágico casi las mejores olas estrellas comida impresionante un buen lugar experiencia de por vida,23,False,es,es,mejorar visitar dormir mágico mejorar ola estrella comida impresionante bueno experiencia vida,12
La Paz,,trip,,Tomé un bote hermosa isla agradable naturaleza playas almuerzo playa podía nadar agua clara mucha vida salvaje aves peces muy recomendable,,tomé un bote hermosa isla agradable naturaleza playas almuerzo playa podía nadar agua clara mucha vida salvaje aves peces muy recomendable,21,False,es,es,tomar bote hermoso isla agradable naturaleza playa almuerzo playa poder nadar agua clara vida salvaje ave pecar recomendable,18
La Paz,,trip,,viaje reservado salir de la paz ir a la isla espíritu una dos paradas en el camino hacer snorkel entre hermosas bahías protegidas a lo largo del camino guía habló inglés español ya sea agua agitada díganos ir por favor parar muéstrenos ir a hablar español pequeño finalmente regreso puerto horas hechas bote pequeño finalmente alcanzó pequeños leones de roca peces nunca se detuvo bahías camino de regreso saltó la orilla del bote nos dejó figura camino de regreso vidas primer viaje verdaderamente viaje de snorkel nunca occidental nunca visite paz nunca hable espíritu santo día perfecto,,viaje reservado salir de la paz ir a la isla espíritu una dos paradas en el camino hacer snorkel entre hermosas bahías protegidas a lo largo del camino guía habló inglés español ya sea agua agitada díganos ir por favor parar muéstrenos ir a hablar español pequeño finalmente regreso puerto horas hechas bote pequeño finalmente alcanzó pequeños leones de roca peces nunca se detuvo bahías camino de regreso saltó la orilla del bote nos dejó figura camino de regreso vidas primer viaje verdaderamente viaje de snorkel nunca occidental nunca visite paz nunca hable espíritu santo día perfecto,97,False,es,es,viaje reservado salir paz isla espíritu parada camino snorkel hermoso bahía protegido largo del camino guía hablar inglés español sea agua agitar díganos favor parar muéstrenos hablar español pequeño finalmente regreso puerto hora hacer bote pequeño finalmente alcanzar pequeño león roca pecar detener bahía camino regreso saltar orilla del bote dejar figura camino regreso vida viaje verdaderamente viaje snorkel occidental visitar paz hablar espíritu santo perfecto,66
La Paz,,trip,,isla hermosa hermosas playas de arena blanca aguas turquesas cálidas definitivamente recomiendo encontrar la manera de visitar la isla tour de un día de amor tomó regresar creo que uno tours en barco saliendo de paz tomó un total de horas paz de regreso pasó mucho tiempo en bote poco tiempo buceando nadando en general vio pareja tortugas pájaros leones rocas peces nadar leones durmiendo ver delfines rayos emocionante animal león snorkeling parada de tour dejar de ver pájaros pelícanos otra vista arco minuto parada pequeña playa almuerzo nadar minutos en general pasó horas actividades en barco recomendar elegir compañía de viajes hace mejor ya sea barco saliendo de la playa en lugar de paz,,isla hermosa hermosas playas de arena blanca aguas turquesas cálidas definitivamente recomiendo encontrar la manera de visitar la isla tour de un día de amor tomó regresar creo que uno tours en barco saliendo de paz tomó un total de horas paz de regreso pasó mucho tiempo en bote poco tiempo buceando nadando en general vio pareja tortugas pájaros leones rocas peces nadar leones durmiendo ver delfines rayos emocionante animal león snorkeling parada de tour dejar de ver pájaros pelícanos otra vista arco minuto parada pequeña playa almuerzo nadar minutos en general pasó horas actividades en barco recomendar elegir compañía de viajes hace mejor ya sea barco saliendo de la playa en lugar de paz,115,False,es,es,isla hermoso hermoso playa arena blanco agua turquesa cálido definitivamente recomendar encontrar visitar isla tour amor tomar regresar crear tour barco salir paz tomar total hora paz regreso pasar tiempo bote tiempo bucear nadar general ver pareja tortuga pájaro león roca pecar nadar león dormir ver delfín rayo emocionante animal león snorkeling parada tour dejar ver pájaro pelícano vista arco minuto parada pequeño playa almuerzo nadar minuto general pasar hora actividad barco recomendar elegir compañía viaje mejor sea barco salir playa paz,82
La Paz,,trip,,hace dos semanas bit one leones gobierno islotes colonia de leones espíritu santo los barcos terminan la temporada de cría joven cachorros van los barcos todavía llevan turistas pareja sitios de snorkel viendo leones distancia,,hace dos semanas bit one leones gobierno islotes colonia de leones espíritu santo los barcos terminan la temporada de cría joven cachorros van los barcos todavía llevan turistas pareja sitios de snorkel viendo leones distancia,35,False,es,es,semana bit one león gobierno islote colonia león espíritu santo barco terminar temporada cría joven cachorro ir barco llevar turista pareja sitio snorkel ver león distancia,26
La Paz,,trip,,día uno las cosas más geniales hechas vida vi delfines cientos leones marinos bebés picnic playa mantarrayas hora recorrido en bote menos visitar el mundo oferta real vivir increíble todos máscara de snorkel bebidas almuerzo simple precios incluidos pesos de la ciudad por persona vale mucho,,día uno las cosas más geniales hechas vida vi delfines cientos leones marinos bebés picnic playa mantarrayas hora recorrido en bote menos visitar el mundo oferta real vivir increíble todos máscara de snorkel bebidas almuerzo simple precios incluidos pesos de la ciudad por persona vale mucho,46,True,es,otro,,0
La Paz,,trip,,"El primer pensamiento, una sola noche, pareció convertirse en una aventura increíble, años familiares, visitando Baja, un par de días, semana, esposa, años, voló paz muchas veces explorando islas desiertas, playas, vio el tiempo, decidió, encontraría diversión, baja, poco, mirando alrededor, ofrecido, día, oficina, desde, isla, campamento, en su mayoría, un grupo, tres, nosotros, terminó, guía turístico privado, conductor de barco, guía, conocedor, increíblemente entusiasta, realmente ama el trabajo, muy divertido, invitados, capitán de barco, capaz de llevarnos a las ballenas, delfines, siempre con cuidado, manejo del barco, rumbo, paz, visitó varias aves en el camino, avistado, joven, tiburón ballena, temporada, prácticamente, encontrar, saltó, nadar, capaz de ver la isla, dirigir empresas, diversión, baja, lejos, hermosa ubicación. verde esmeralda cala protegida rocas espectaculares carpas nos colocan limpias instalaciones de baño para dormir verde limpio como tanques de botes regresamos paz otro grupo carpas desde el momento en que todos se van a dormir de todos modos diversión baja comida conjunto de carpas proporcionado almuerzos calientes cerveza bebidas refrescos disfrutamos pescado recién pescado traído bocadillos bebidas bote bien playa increíble bien podría cala kayaks remar varias caminatas geniales rocoso prácticamente dejar saber disfrutar hacer trabajo rápido paseo en bote leones rocosos colgar fue snorkeling buceo sentí siguiendo pagado tarifa adicional trajes de neopreno dejados buenos leones tempranos bebés juguetones aunque dejemos tocar juguetonamente morder los brazos la mano aunque fresco arco de la cueva nadar rocas laterales maravilloso arrecife de coral tipos estrellas peces también visitaron otra cala perlas aparentemente perlas del mundo una vez santuario pequeña caminata previa a través de los acantilados de la isla hermosa también condujo escuelas de botes nadamos con delfines saltamos fue ballenas terminó viendo cuatro tipos de ballenas lejos el bote rodearía ballenas espectacular camping aventura estrellas cuatro bebidas bocadillos nadando leones dos veces caminata dos veces kayak remo delfines ballenas tiburón ballena pájaros creen mucha aventura obtuvo dinero como aventuras turísticas gente de aventura real realmente se preocupa maravillas paz recomiendo encarecidamente a cualquiera experimenta la verdadera baja",,el primer pensamiento una sola noche pareció convertirse en una aventura increíble años familiares visitando baja un par de días semana esposa años voló paz muchas veces explorando islas desiertas playas vio el tiempo decidió encontraría diversión baja poco mirando alrededor ofrecido día oficina desde isla campamento en su mayoría un grupo tres nosotros terminó guía turístico privado conductor de barco guía conocedor increíblemente entusiasta realmente ama el trabajo muy divertido invitados capitán de barco capaz de llevarnos a las ballenas delfines siempre con cuidado manejo del barco rumbo paz visitó varias aves en el camino avistado joven tiburón ballena temporada prácticamente encontrar saltó nadar capaz de ver la isla dirigir empresas diversión baja lejos hermosa ubicación verde esmeralda cala protegida rocas espectaculares carpas nos colocan limpias instalaciones de baño para dormir verde limpio como tanques de botes regresamos paz otro grupo carpas desde el momento en que todos se van a dormir de todos modos diversión baja comida conjunto de carpas proporcionado almuerzos calientes cerveza bebidas refrescos disfrutamos pescado recién pescado traído bocadillos bebidas bote bien playa increíble bien podría cala kayaks remar varias caminatas geniales rocoso prácticamente dejar saber disfrutar hacer trabajo rápido paseo en bote leones rocosos colgar fue snorkeling buceo sentí siguiendo pagado tarifa adicional trajes de neopreno dejados buenos leones tempranos bebés juguetones aunque dejemos tocar juguetonamente morder los brazos la mano aunque fresco arco de la cueva nadar rocas laterales maravilloso arrecife de coral tipos estrellas peces también visitaron otra cala perlas aparentemente perlas del mundo una vez santuario pequeña caminata previa a través de los acantilados de la isla hermosa también condujo escuelas de botes nadamos con delfines saltamos fue ballenas terminó viendo cuatro tipos de ballenas lejos el bote rodearía ballenas espectacular camping aventura estrellas cuatro bebidas bocadillos nadando leones dos veces caminata dos veces kayak remo delfines ballenas tiburón ballena pájaros creen mucha aventura obtuvo dinero como aventuras turísticas gente de aventura real realmente se preocupa maravillas paz recomiendo encarecidamente a cualquiera experimenta la verdadera baja,335,False,es,es,pensamiento solar noche parecer convertirse aventura increíble familiar visitar baja par semana esposar volar paz explorar isla desierto playa ver tiempo decidir encontrar diversión baja mirar alrededor ofrecer oficina isla campamento mayoría grupo terminar guía turístico privado conductor barco guía conocedor increíblemente entusiasta realmente ama trabajo divertir invitado capitán barco capaz llevarnos ballena delfín cuidado manejo del barco rumbo paz visitar variar ave camino avistar joven tiburón ballena temporada prácticamente encontrar saltar nadar capaz ver isla dirigir empresa diversión baja lejos hermoso ubicación verde esmeralda cala protegido roca espectacular carpa colocar limpia instalación baño dormir verde limpio tanque bote regresar paz grupo carpa ir dormir modo diversión baja comida conjunto carpa proporcionar almuerzo caliente cerveza bebida refresco disfrutar pescado recién pescado traer bocadillo bebida bote playa increíble poder cala kayak remar variar caminata genial rocoso prácticamente dejar saber disfrutar trabajo rápido paseo bote león rocoso colgar snorkeling buceo sentir seguir pagar tarifa adicional traje neopreno dejar bueno león temprano bebé juguetón dejar tocar juguetonamente morder brazo mano fresco arco cueva nadar roca lateral maravilloso arrecife coral estrella pecar visitar cala perla aparentemente perla del mundo santuario pequeño caminata previo través acantilado isla hermoso conducir escuela bote nadar delfín saltar ballena terminar ver ballena lejos bote rodear ballena espectacular camping aventura estrella bebida bocadillo nadar león caminata kayak remo delfín ballena tiburón ballena pájaro creer aventura obtener dinero aventura turístico gente aventura real realmente preocupar maravilla paz recomendar encarecidamente cualquiera experimentar verdadero baja,242
La Paz,,trip,,auto alquilado mejores playas alrededor paz hermosa agua tranquila pequeña cala desafortunadamente instalaciones comida bebida baño playa complacida justo al lado arena blanca muchas sillas disfrutar del agua pequeño amado fresco agradable personal sin comida excelente fresco pozo baño también limpio agradable regalo devuelto quería almuerzo alquilado justo al lado restaurante conduje aventura ver línea costera playa pozo de agua isla espíritu santo vistas playas impresionantes agua clara en realidad ver peces grandes dando vueltas punta isla pelícanos pájaros hermosas formaciones rocosas bien vale la pena el viaje,,auto alquilado mejores playas alrededor paz hermosa agua tranquila pequeña cala desafortunadamente instalaciones comida bebida baño playa complacida justo al lado arena blanca muchas sillas disfrutar del agua pequeño amado fresco agradable personal sin comida excelente fresco pozo baño también limpio agradable regalo devuelto quería almuerzo alquilado justo al lado restaurante conduje aventura ver línea costera playa pozo de agua isla espíritu santo vistas playas impresionantes agua clara en realidad ver peces grandes dando vueltas punta isla pelícanos pájaros hermosas formaciones rocosas bien vale la pena el viaje,88,False,es,es,auto alquilar mejorar playa alrededor paz hermoso agua tranquilo pequeño cala desafortunadamente instalación comida bebida baño playa complacer justo lado arena blanco silla disfrutar del agua pequeño amado fresco agradable personal comida excelente fresco pozo baño limpio agradable regalo devolver querer almuerzo alquilar justo lado restaurante conducir aventura ver línea costero playa pozo agua isla espíritu santo vista playa impresionante agua clara realidad ver pecar grande dar vuelta punta isla pelícano pájaro hermoso formación rocoso vale pena viaje,78
La Paz,,trip,,visitar paz último viaje de un día mayo isla espíritu santo tours día entero increíble fabuloso maravilloso poner paisaje cielo azul turquesa islas volcánicas guías turísticos maravilloso bien nos llevó bucear leones cachorros el barco roca podría geología gran cañón agua impresionante almuerzo se deslizó corte primero también complacido el recorrido preparado dar alto iría operador turístico recomiendo totalmente a cualquiera que paz haga viaje a la isla un verdadero placer,,visitar paz último viaje de un día mayo isla espíritu santo tours día entero increíble fabuloso maravilloso poner paisaje cielo azul turquesa islas volcánicas guías turísticos maravilloso bien nos llevó bucear leones cachorros el barco roca podría geología gran cañón agua impresionante almuerzo se deslizó corte primero también complacido el recorrido preparado dar alto iría operador turístico recomiendo totalmente a cualquiera que paz haga viaje a la isla un verdadero placer,71,False,es,es,visitar paz último viaje mayo isla espíritu santo tour entero increíble fabuloso maravilloso poner paisaje cielo azul turquesa isla volcánico guía turístico maravilloso llevar bucear león cachorro barco roca poder geología gran cañón agua impresionante almuerzo deslizar corte primero complacer recorrido preparado dar alto ir operador turístico recomendar totalmente cualquiera paz hacer viaje isla verdadero placer,56
La Paz,,trip,,nosotros tomamos dos botes casi resaltamos el viaje aguas claras hermosas muchas sombras azul verde almuerzo isla paraíso largo esmeralda playa clara nos alimentaron excelente ceviche bebidas parado isla del león bucear genial sierra muchos cachorros de leones isla bastante impresionante bastante contraste acantilados rocosos muchos colores formaciones rocosas como cara enorme espectacular altamente recorrido español todavía cierto ciudad,,nosotros tomamos dos botes casi resaltamos el viaje aguas claras hermosas muchas sombras azul verde almuerzo isla paraíso largo esmeralda playa clara nos alimentaron excelente ceviche bebidas parado isla del león bucear genial sierra muchos cachorros de leones isla bastante impresionante bastante contraste acantilados rocosos muchos colores formaciones rocosas como cara enorme espectacular altamente recorrido español todavía cierto ciudad,59,False,es,es,tomar bote resaltar viaje agua clara hermoso sombrar azul verde almuerzo isla paraíso largo esmeralda playa clara alimentar excelente ceviche bebida parado isla del león bucear genial sierra cachorro león isla impresionante contraste acantilado rocoso colorar formación rocoso cara enorme espectacular altamente recorrido español cierto ciudad,46
La Paz,,trip,,isla espíritu santo cinco veces aún hermoso lugar viajó alrededor del mundo con seguridad diga isla espíritu santo uno de los lugares favoritos tour mundial realizado tres compañías ya son las mejores tours de espíritu baja personal increíbles guías turísticos conocedores brindan el mejor servicio compañía de turismo brinda,,isla espíritu santo cinco veces aún hermoso lugar viajó alrededor del mundo con seguridad diga isla espíritu santo uno de los lugares favoritos tour mundial realizado tres compañías ya son las mejores tours de espíritu baja personal increíbles guías turísticos conocedores brindan el mejor servicio compañía de turismo brinda,49,False,es,es,isla espíritu santo hermoso viajar alrededor del mundo seguridad decir isla espíritu santo favorito tour mundial realizar compañía mejorar tour espíritu baja personal increíble guía turístico conocedor brindar mejor servicio compañía turismo brindar,33
La Paz,,trip,,los leones nadadores podrían dar cualquier cosa estrellas día difícil carta del personal dijo podría hacer snorkel lado de la colonia de leones isla rocosa rocas tranquilas corrientes parciales muchos leones bebés nadaron juguetonamente feliz experiencia olvidar también por favor ingrese agua arrecife parte segura arrecifes de coral bien conocido,,los leones nadadores podrían dar cualquier cosa estrellas día difícil carta del personal dijo podría hacer snorkel lado de la colonia de leones isla rocosa rocas tranquilas corrientes parciales muchos leones bebés nadaron juguetonamente feliz experiencia olvidar también por favor ingrese agua arrecife parte segura arrecifes de coral bien conocido,50,False,es,es,león nadador poder dar cualquiera estrella difícil carta del personal decir poder snorkel lado colonia león isla rocoso roca tranquilo corriente parcial león bebé nadar juguetonamente feliz experiencia olvidar favor ingresar agua arrecife segurar arrecife coral conocido,37
La Paz,,trip,,increíble experiencia natural nunca nada naturaleza tomar nadar leones marinos ver muchos peces máscara de snorkel ir a bucear tomar isla comer nadar un poco claro arena blanca isla virgen,,increíble experiencia natural nunca nada naturaleza tomar nadar leones marinos ver muchos peces máscara de snorkel ir a bucear tomar isla comer nadar un poco claro arena blanca isla virgen,30,False,es,es,increíble experiencia natural nada naturaleza tomar nadar león marino ver pecar máscara snorkel bucear tomar isla comer nadar claro arena blanco isla virgen,23
La Paz,,trip,,muchas aventuras marinas en todo sentido uno leones nadando dado un amigo estrella viaje reservado malecón pesos conocer tours mejor experiencia nada barcos turísticos parecía almuerzo servido playa ceviche fresco focas nadando grupo de leones se fue nadando se quedó foca comenzó a jugar nadando podía mirar tiempos jugados nadando buceo última máscara nadando experiencia mejor pagado nado tiburones ballena gente en botes pasó horas horas de viaje incómodas bote lleno de gente bote hizo difícil pasar horas sentado horas llegar isla pasar otra hora mirando pájaros formaciones rocosas pasar minutos nadando cerca de leones parada de minutos almuerzo pequeña playa sin sillas largo viaje de regreso horas extra horas agregadas de viaje desde que se detuvo playa hora de distancia recoger dejar viaje hecho por la familia largo ventoso agua abierta león ubicación frío calor clima min nadar suficiente frío descanso semana agua pez turbio cualquier cosa ver bucear leones distancia pronto los barcos mostraron aletas gente peces suficientes aletas nadamos sin máscara foca capitán nosotros aunque isla explorar isla rocosa focas habitadas nadar cerca decepcionado tour recomiendo pasar una hora extra en coche cabeza norte isla conducir reserva sur nunca hacer snorkel amor bote largo uno,,muchas aventuras marinas en todo sentido uno leones nadando dado un amigo estrella viaje reservado malecón pesos conocer tours mejor experiencia nada barcos turísticos parecía almuerzo servido playa ceviche fresco focas nadando grupo de leones se fue nadando se quedó foca comenzó a jugar nadando podía mirar tiempos jugados nadando buceo última máscara nadando experiencia mejor pagado nado tiburones ballena gente en botes pasó horas horas de viaje incómodas bote lleno de gente bote hizo difícil pasar horas sentado horas llegar isla pasar otra hora mirando pájaros formaciones rocosas pasar minutos nadando cerca de leones parada de minutos almuerzo pequeña playa sin sillas largo viaje de regreso horas extra horas agregadas de viaje desde que se detuvo playa hora de distancia recoger dejar viaje hecho por la familia largo ventoso agua abierta león ubicación frío calor clima min nadar suficiente frío descanso semana agua pez turbio cualquier cosa ver bucear leones distancia pronto los barcos mostraron aletas gente peces suficientes aletas nadamos sin máscara foca capitán nosotros aunque isla explorar isla rocosa focas habitadas nadar cerca decepcionado tour recomiendo pasar una hora extra en coche cabeza norte isla conducir reserva sur nunca hacer snorkel amor bote largo uno,198,False,es,es,aventura marina sentido león nadar dado amigo estrella viaje reservado malecón peso conocer tour mejor experiencia nada barco turístico parecer almuerzo servir playa ceviche fresco foca nadar grupo león nadar quedar foca comenzar jugar nadar poder mirar tiempo jugar nadar buceo último máscara nadar experiencia mejor pagar nadar tiburón ballena gente bote pasar hora hora viaje incómodo bote lleno gente bote hacer difícil pasar hora sentar hora llegar isla pasar hora mirar pájaro formación rocoso pasar minuto nadar cerca león parada minuto almuerzo pequeño playa silla largo viaje regreso hora extra hora agregado viaje detener playa hora distancia recoger dejar viaje familia largo ventoso agua abrir león ubicación frío calor clima minuto nadar suficiente frío descanso semana agua pez turbio cualquiera ver bucear león distancia pronto barco mostrar aleta gente pecar suficiente aleta nadar máscara foca capitán isla explorar isla rocoso foca habitar nadar cerca decepcionar tour recomendar pasar hora extra coche cabeza norte isla conducir reserva sur snorkel amor bote largo,162
La Paz,,trip,,llegó temprano en la mañana día de año nuevo día área de paz crucero aventuras barco gente buceó leones alrededor de nosotros diversión volando agua buceó leones literalmente a nuestro alrededor leones conscientes curioso cerca leones como cheque ver trajes de neopreno completos juego de leones pellizcar piernas brazos saber esperar dicho pasajeros grupo esposa juvenil hembra pellizcar mano consiguió mordido nada menos morder mano pequeña emocionarse terminó sucedió mano fuertemente sugerir tomar león día de snorkel poco de agua áspero oleaje necesita saber nadar agua obtener agua,,llegó temprano en la mañana día de año nuevo día área de paz crucero aventuras barco gente buceó leones alrededor de nosotros diversión volando agua buceó leones literalmente a nuestro alrededor leones conscientes curioso cerca leones como cheque ver trajes de neopreno completos juego de leones pellizcar piernas brazos saber esperar dicho pasajeros grupo esposa juvenil hembra pellizcar mano consiguió mordido nada menos morder mano pequeña emocionarse terminó sucedió mano fuertemente sugerir tomar león día de snorkel poco de agua áspero oleaje necesita saber nadar agua obtener agua,88,False,es,es,llegar temprano mañana nuevo área paz crucero aventura barco gente bucear león alrededor diversión volar agua bucear león literalmente alrededor león consciente curioso cerca león cheque ver traje neopreno completo juego león pellizcar pierna brazo saber esperar dicho pasajero grupo esposar juvenil hembra pellizcar mano conseguir morder nada morder mano pequeño emocionarse terminar suceder mano fuertemente sugerir tomar león snorkel agua áspero oleaje necesitar saber nadar agua obtener agua,69
La Paz,,trip,,¿Alguien podría reservar un guía de buceo de seguridad? Dos problemas alentaron al hombre incluso nadar venir al agua ambiente desafiante chaleco salvavidas le dijo a otro hombre con chaleco salvavidas incómodo a los pies marido hacer snorkel usando el guía dijo claro continuar continuar agua salada atrapar respirable nadar podría guiar alentado tomar con calma nadaría lentamente bote incluso ver el punto nadó otro bote nos recogió ofrecer snorkel ofrecer viaje al día siguiente dado saber amable tomaría incluso en serio podría,,alguien podría reservar un guía de buceo de seguridad dos problemas alentaron al hombre incluso nadar venir al agua ambiente desafiante chaleco salvavidas le dijo a otro hombre con chaleco salvavidas incómodo a los pies marido hacer snorkel usando el guía dijo claro continuar continuar agua salada atrapar respirable nadar podría guiar alentado tomar con calma nadaría lentamente bote incluso ver el punto nadó otro bote nos recogió ofrecer snorkel ofrecer viaje al día siguiente dado saber amable tomaría incluso en serio podría,83,False,es,es,alguien poder reservar guía buceo seguridad problema alentar hombre incluso nadar venir agua ambiente desafiante chaleco salvavidas decir hombre chaleco salvavidas incómodo pie marido snorkel usar guía decir claro continuar continuar agua salar atrapar respirable nadar poder guiar alentar tomar calma nadar lentamente bote incluso ver punto nadar bote recoger ofrecer snorkel ofrecer viaje siguiente dado saber amable tomar incluso serio poder,62
La Paz,,trip,,amigo uno viajes paz reservado divertido baja hotel recomendado pensar viaje pagado isla toma una hora glorioso clima paisaje costa hermoso llegar colonia de leones ver alrededor obteniendo experiencia en el agua nunca olvidar leones jóvenes curiosos lo suficientemente a menudo venir cara derecha aterrador se quedó hora de agua bahía con cabeza cristalina aguas tranquilas roca roja tipo de cañón playa de arena blanca suerte visitar bahía gente de la isla bahía may kayak impresionante bahía increíble guía excelente habla inglés español conocedor amigable trabajado duro día nunca olvides delicioso almuerzo pareja incluido vista simplemente impresionante incluso vi vaina grande delfines camino de regreso mejor gastado perder viaje,,amigo uno viajes paz reservado divertido baja hotel recomendado pensar viaje pagado isla toma una hora glorioso clima paisaje costa hermoso llegar colonia de leones ver alrededor obteniendo experiencia en el agua nunca olvidar leones jóvenes curiosos lo suficientemente a menudo venir cara derecha aterrador se quedó hora de agua bahía con cabeza cristalina aguas tranquilas roca roja tipo de cañón playa de arena blanca suerte visitar bahía gente de la isla bahía may kayak impresionante bahía increíble guía excelente habla inglés español conocedor amigable trabajado duro día nunca olvides delicioso almuerzo pareja incluido vista simplemente impresionante incluso vi vaina grande delfines camino de regreso mejor gastado perder viaje,109,False,es,es,amigo viaje paz reservado divertir baja hotel recomendado pensar viaje pagar isla toma hora glorioso clima paisaje costa hermoso llegar colonia león ver alrededor obtener experiencia agua olvidar león joven curioso suficientemente menudo venir cara derecha aterrador quedar hora agua bahía cabeza cristalino agua tranquilo roca rojo cañón playa arena blanco suerte visitar bahía gente isla bahía may kayak impresionante bahía increíble guía excelente habla inglés español conocedor amigable trabajar duro olvidar delicioso almuerzo pareja incluir vista simplemente impresionante incluso vaina grande delfín camino regreso mejor gastar perder viaje,89
La Paz,,trip,,"Fue un gran día nadando, haciendo snorkel, agua tranquila, paseo en bote, pequeñas paradas largas, guía, nadando, snorkeling, león fantástico, natación, cueva, cerca, fácilmente, uno de los puntos altos, todo el viaje, recomiendo a cualquiera, recorrido, guía fabuloso, capitán panga, sabía que todo salió bien, hacer memorable a todos, grupo.",,fue un gran día nadando haciendo snorkel agua tranquila paseo en bote pequeñas paradas largas guía nadando snorkeling león fantástico natación cueva cerca fácilmente uno de los puntos altos todo el viaje recomiendo a cualquiera recorrido guía fabuloso capitán panga sabía que todo salió bien hacer memorable a todos grupo,50,False,es,es,gran nadar hacendar snorkel agua tranquilo paseo bote pequeño parada larga guía nadar snorkeling león fantástico natación cueva cerca fácilmente punto alto viaje recomendar cualquiera recorrido guía fabuloso capitán panga saber salir memorable grupo,34
La Paz,,trip,,días de kayak alrededor de la isla para acampar playa aislada increíble puesta de sol pequeñas caminatas dentro de la isla hermoso snorkeling,,días de kayak alrededor de la isla para acampar playa aislada increíble puesta de sol pequeñas caminatas dentro de la isla hermoso snorkeling,23,False,es,es,kayak alrededor isla acampar playa aislar increíble puesta sol pequeño caminata dentrar isla hermoso snorkeling,15
La Paz,,trip,,guía contratado pasó el día alrededor de la isla vida marina agua increíble como vio tal vez barcos día tirado a la playa cuatro podrían quedarse el día arena agua perfecta cálida y clara nadando leones pequeña colonia de islas protegidas definitivamente conseguir agua ir,,guía contratado pasó el día alrededor de la isla vida marina agua increíble como vio tal vez barcos día tirado a la playa cuatro podrían quedarse el día arena agua perfecta cálida y clara nadando leones pequeña colonia de islas protegidas definitivamente conseguir agua ir,45,False,es,es,guía contratar pasar alrededor isla vida marina agua increíble ver tal barco tirado playa poder quedarse arena agua perfecto cálido clara nadar león pequeño colonia isla protegido definitivamente conseguir agua,30
La Paz,,trip,,fuimos guía de tours maravilloso nos dijo mucho paz más diversión guía turístico isla colores asombrosos pájaros formaciones rocosas increíble snorkeling nadar leones mundo afortunado nadar león juguetón viejo tengo jugar increíble amor gente paz playas limpio realmente espero permanecer en el camino,,fuimos guía de tours maravilloso nos dijo mucho paz más diversión guía turístico isla colores asombrosos pájaros formaciones rocosas increíble snorkeling nadar leones mundo afortunado nadar león juguetón viejo tengo jugar increíble amor gente paz playas limpio realmente espero permanecer en el camino,43,False,es,es,ir guía tour maravilloso decir paz diversión guía turístico isla colorar asombroso pájaro formación rocoso increíble snorkeling nadar león mundo afortunado nadar león juguetón viejo tener jugar increíble amor gente paz playa limpio realmente esperar permanecer camino,37
La Paz,,trip,,día genial terminó desafortunadamente falleció viaje islotes buceo nadie quería bucear nada alguien justo frente isla espíritu santo viaje acuático nadie realmente quería quería regresar viaje compañía sorpresa dio correr decidido compañía explicar sucedió dado vio realmente quiero escribir mala crítica se enojó obtener ordenar devolución de dinero ir dinero de la compañía,,día genial terminó desafortunadamente falleció viaje islotes buceo nadie quería bucear nada alguien justo frente isla espíritu santo viaje acuático nadie realmente quería quería regresar viaje compañía sorpresa dio correr decidido compañía explicar sucedió dado vio realmente quiero escribir mala crítica se enojó obtener ordenar devolución de dinero ir dinero de la compañía,53,False,es,es,genial terminar desafortunadamente fallecer viaje islote buceo nadie querer bucear nada alguien justo frente isla espíritu santo viaje acuático nadie realmente querer querer regresar viaje compañía sorpresa dar correr decidir compañía explicar suceder dado ver realmente querer escribir malo crítica enojar obtener ordenar devolución dinero dinero compañía,47
La Paz,,trip,,experiencia maravillosa excepto seguro que la gente respeta la naturaleza reserva de la biosfera protegida tal vez el cuidado iría a un lugar como falta necesita usar arrecife seguro protector solar colonia de leones increíble joven juguetón abundante necesidad moverse flotar mirar increíble,,experiencia maravillosa excepto seguro que la gente respeta la naturaleza reserva de la biosfera protegida tal vez el cuidado iría a un lugar como falta necesita usar arrecife seguro protector solar colonia de leones increíble joven juguetón abundante necesidad moverse flotar mirar increíble,43,False,es,es,experiencia maravilloso excepto seguro gente respetar naturaleza reserva biosfera protegido tal cuidado ir falta necesitar usar arrecife seguro protector solar colonia león increíble joven juguetón abundante necesidad moverse flotar mirar increíble,31
La Paz,,trip,,hermosa excursión de un día a la isla aventuras en baja completamente agua cálida lotes despejados oportunidades para practicar snorkel costa interesante explorar kayak colonia de leones visitar caminatas limitadas proteger la isla,,hermosa excursión de un día a la isla aventuras en baja completamente agua cálida lotes despejados oportunidades para practicar snorkel costa interesante explorar kayak colonia de leones visitar caminatas limitadas proteger la isla,33,False,es,es,hermoso excursión isla aventura baja completamente agua cálido lote despejar oportunidad practicar snorkel costa interesante explorar kayak colonia león visitar caminata limitar proteger isla,24
La Paz,,trip,,excursión reservada sol hotel visita isla espíritu santo nota viaje de un día saliendo del hotel regresando horas más tarde pequeño primer snorkeling focas realmente suena emocionante área en vivo ver focas tiempo contado también incluido snorkeling ver peces coral tomar horas obtener paz aunque conductor minutos viaje camioneta pequeña gente bastante agradable conducir viaje de visita paz parada sol oficina aletas de snorkel máscara trajeda nota reservada hotel por persona tarifa ir guía turístico de la isla genial decir mucho seguro excelente manera de ver conseguir agua snorkel focas océano agitado ir agua sin embargo fue día de parada hermosa cala todos marido quería almorzar primero en lugar de saltar hermoso cristalino marido buceó ver peces coral suficiente regresaron en bote para todos comida proporcionada bien comer quedarse comer beber trajeron refrigerios agua en realidad se quedó bastante tiempo agradables excursiones dan como minutos necesito regresar en bote fácilmente hora media cabeza diferente área entrecortada capaz de obtener agua snorkel focas aunque muchas focas todavía son divertidas en realidad nadar de regreso paz camino de regreso el conductor del hotel hizo que se detuviera el uso del hotel también ver el hotel y hacer muchas excursiones generalmente decepcionadas muchas personas el tiempo suficiente recomendaría encarecidamente uno fue más allá de lo esperado volver,,excursión reservada sol hotel visita isla espíritu santo nota viaje de un día saliendo del hotel regresando horas más tarde pequeño primer snorkeling focas realmente suena emocionante área en vivo ver focas tiempo contado también incluido snorkeling ver peces coral tomar horas obtener paz aunque conductor minutos viaje camioneta pequeña gente bastante agradable conducir viaje de visita paz parada sol oficina aletas de snorkel máscara trajeda nota reservada hotel por persona tarifa ir guía turístico de la isla genial decir mucho seguro excelente manera de ver conseguir agua snorkel focas océano agitado ir agua sin embargo fue día de parada hermosa cala todos marido quería almorzar primero en lugar de saltar hermoso cristalino marido buceó ver peces coral suficiente regresaron en bote para todos comida proporcionada bien comer quedarse comer beber trajeron refrigerios agua en realidad se quedó bastante tiempo agradables excursiones dan como minutos necesito regresar en bote fácilmente hora media cabeza diferente área entrecortada capaz de obtener agua snorkel focas aunque muchas focas todavía son divertidas en realidad nadar de regreso paz camino de regreso el conductor del hotel hizo que se detuviera el uso del hotel también ver el hotel y hacer muchas excursiones generalmente decepcionadas muchas personas el tiempo suficiente recomendaría encarecidamente uno fue más allá de lo esperado volver,214,False,es,es,excursión reservar sol hotel visita isla espíritu santo nota viaje salir del hotel regresar hora tarde pequeño snorkeling foca realmente sonar emocionante área vivo ver foca tiempo contado incluir snorkeling ver pecar coral tomar hora obtener paz conductor minuto viaje camioneta pequeño gente agradable conducir viaje visita paz parada sol oficina aleta snorkel máscara trajeda nota reservar hotel persona tarifa guía turístico isla genial decir seguro excelente ver conseguir agua snorkel foca océano agitar agua embargo parada hermoso cala marido querer almorzar primero saltar hermoso cristalino marido bucear ver pecar coral suficiente regresar bote comida proporcionar comer quedarse comer beber traer refrigerio agua realidad quedar tiempo agradable excursión dar minuto necesitar regresar bote fácilmente hora media cabeza diferente área entrecortar capaz obtener agua snorkel foca foca divertir realidad nadar regreso paz camino regreso conductor del hotel hacer detener uso del hotel ver hotel excursión generalmente decepcionar persona tiempo suficiente recomendar encarecidamente esperar volver,153
La Paz,,trip,,Comencé de regreso por el primer recorrido por la isla Islas a lo largo del camino genial nadar leones ir a una pequeña playa cercana almuerzo camino de regreso suerte ver pareja ballenas jorobadas experiencia increíble fueron niños,,comencé de regreso por el primer recorrido por la isla islas a lo largo del camino genial nadar leones ir a una pequeña playa cercana almuerzo camino de regreso suerte ver pareja ballenas jorobadas experiencia increíble fueron niños,38,False,es,es,comenzar regreso recorrido isla isla largo del camino genial nadar león pequeño playa cercano almuerzo camino regreso suerte ver pareja ballena jorobado experiencia increíble ser niño,26
La Paz,,trip,,disfrutar encuentro animales juguetones experiencia realmente increíble bueno leones animales salvajes importante seguir parte obtener bote kayak anclar menos isla rocas rocas más cerca snorkel leones quedarse hacer dejar que los leones vean animales tomar perfecto en lugar dejar venir hacer usando luz fuerte machos temporada de apareamiento leones jóvenes juguetón puede venir intentar atrapar aleta mano como cachorros puede causar intentar mano dedos apretados palo mantener la calma jugar león viene hace burbujas de aire cara esperanza encontrar útil disfrutar tiempo leones espíritu islotes paz,,disfrutar encuentro animales juguetones experiencia realmente increíble bueno leones animales salvajes importante seguir parte obtener bote kayak anclar menos isla rocas rocas más cerca snorkel leones quedarse hacer dejar que los leones vean animales tomar perfecto en lugar dejar venir hacer usando luz fuerte machos temporada de apareamiento leones jóvenes juguetón puede venir intentar atrapar aleta mano como cachorros puede causar intentar mano dedos apretados palo mantener la calma jugar león viene hace burbujas de aire cara esperanza encontrar útil disfrutar tiempo leones espíritu islotes paz,86,False,es,es,disfrutar encuentro animal juguetón experiencia realmente increíble bueno león animal salvaje importante seguir obtener bote kayak anclar isla roca roca cerca snorkel león quedarse dejar león ver animal tomar perfecto dejar venir usar luz fuerte macho temporada apareamiento león joven juguetón poder venir intentar atrapar aleta mano cachorro poder causar intentar mano dedo apretar palo mantener calma jugar león venir burbuja aire cara esperanza encontrar útil disfrutar tiempo león espíritu islote paz,72
La Paz,,trip,,mirar horas lleno de baches incómodo mojado frío incluso día caluroso ventoso viajeros en barco recorridos similares,,mirar horas lleno de baches incómodo mojado frío incluso día caluroso ventoso viajeros en barco recorridos similares,17,False,es,es,mirar hora lleno bache incómodo mojar frío incluso caluroso ventoso viajero barco recorrido similar,14
La Paz,,trip,,hicimos un recorrido por el puerto paz sol compañía isla espíritu nadar colonia de leones vista ver a lo largo del camino increíble fui dos veces una semana nadando leones experiencia amigable seguro guía de natación buen nado también incluido snorkel nadar rocas cortadas lado peces vida variada rocas nunca vistas hacen perfecto hábitat intacto criaturas vivir colonia de leones fuerte también hogar lugar de reproducción excelente ver cachorros disfrutar del acuario viaje mundial de regreso incluido almuerzo aislado playa prístina bahía rodeado acantilados de roca alta agua clara camino de regreso atrás vi rayos saltando incluso vi ballena azul madre increíble deseo podría vivir guía llamado preguntar equipo libro viaje barco grande cómodo baño súper panga guía de agua dulce baja historia charla gran viaje,,hicimos un recorrido por el puerto paz sol compañía isla espíritu nadar colonia de leones vista ver a lo largo del camino increíble fui dos veces una semana nadando leones experiencia amigable seguro guía de natación buen nado también incluido snorkel nadar rocas cortadas lado peces vida variada rocas nunca vistas hacen perfecto hábitat intacto criaturas vivir colonia de leones fuerte también hogar lugar de reproducción excelente ver cachorros disfrutar del acuario viaje mundial de regreso incluido almuerzo aislado playa prístina bahía rodeado acantilados de roca alta agua clara camino de regreso atrás vi rayos saltando incluso vi ballena azul madre increíble deseo podría vivir guía llamado preguntar equipo libro viaje barco grande cómodo baño súper panga guía de agua dulce baja historia charla gran viaje,126,False,es,es,hacer recorrido puerto paz sol compañía isla espíritu nadar colonia león vista ver largo del camino increíble ir semana nadar león experiencia amigable seguro guía natación bueno nadar incluir snorkel nadar roca cortar lado pecar vida variar roca vista hacer perfecto hábitat intacto criatura vivir colonia león fuerte hogar reproducción excelente ver cachorro disfrutar del acuario viaje mundial regreso incluir almuerzo aislar playa prístino bahía rodear acantilado roca alta agua clara camino regreso atrás rayo saltar incluso ballena azul madre increíble deseo poder vivir guía llamado preguntar equipo libro viaje barco grande cómodo baño súper panga guía agua dulce baja historia charla gran viaje,104
La Paz,,trip,,avistamiento de ballenas experiencia de fin de semana bahía día noche expedición en kayak a lo largo de isla espíritu santo usando servicio de guía experiencia podría ser mejor niño de cinco años nunca kayak ni siquiera saber tienda de campaña podría ser mejor guía de un año con experiencia más allá de años podría paciente cocinar a tiempo completo barco todos los aspectos viaje arriba llegado horario general programar por la noche hecho todas las noches dependiendo del grupo sintió el clima el próximo día a menudo nos daría incluso opciones establecería el horario del grupo al día siguiente parque nacional isla espíritu santo bonito mantener bahías de la isla vistas de la vida silvestre costa en kayak inolvidable durmió playas solitarias nadó leones bebés hizo snorkel pudo hacer snorkel comió como baja isla santo debe viajeros de aventura edades van paz tour,,avistamiento de ballenas experiencia de fin de semana bahía día noche expedición en kayak a lo largo de isla espíritu santo usando servicio de guía experiencia podría ser mejor niño de cinco años nunca kayak ni siquiera saber tienda de campaña podría ser mejor guía de un año con experiencia más allá de años podría paciente cocinar a tiempo completo barco todos los aspectos viaje arriba llegado horario general programar por la noche hecho todas las noches dependiendo del grupo sintió el clima el próximo día a menudo nos daría incluso opciones establecería el horario del grupo al día siguiente parque nacional isla espíritu santo bonito mantener bahías de la isla vistas de la vida silvestre costa en kayak inolvidable durmió playas solitarias nadó leones bebés hizo snorkel pudo hacer snorkel comió como baja isla santo debe viajeros de aventura edades van paz tour,144,True,es,otro,,0
La Paz,,trip,,acuario frente mundial paz ir en bote una dos horas dependiendo del lugar observar ballenas incluso rayas llegar isla puede nadar leones observar miles de pájaros nadando leones aterrizar playa de arena blanca esmeralda azul a veces llamado debido color agua puede nadar almuerzo buen servicio proporcionado tomar viaje en bote instalaciones baño recorrido gastronómico,,acuario frente mundial paz ir en bote una dos horas dependiendo del lugar observar ballenas incluso rayas llegar isla puede nadar leones observar miles de pájaros nadando leones aterrizar playa de arena blanca esmeralda azul a veces llamado debido color agua puede nadar almuerzo buen servicio proporcionado tomar viaje en bote instalaciones baño recorrido gastronómico,55,False,es,es,acuario frente mundial paz bote hora depender del observar ballena incluso raya llegar isla poder nadar león observar mil pájaro nadar león aterrizar playa arena blanco esmeralda azul llamado deber color agua poder nadar almuerzo bueno servicio proporcionar tomar viaje bote instalación baño recorrido gastronómico,45
La Paz,,trip,,"Nos echó a perder la elección de la compañía de viajes tours capitán tour en barco buen sabía guía de inglés ahorro dos uno hablaba bastante inglés también en serio barco diciéndonos pasajeros seis playa pago nadando tiburones ballena bien los leones paran tiburones ballena duraron minutos agua turbia sierra ir isla espíritu los leones hicieron casi todo esposa capaz de conseguir nariz nariz cachorro de león leones alrededor de nosotros curioso hizo snorkel se fue a bucear agua alrededor de los leones mucha sorpresa agradable almuerzo terminado hermosa playa de arena isla parecía otro barco turístico súper panga a lo largo de la playa muchos menos pasajeros el guía debe decir que el capitán hizo todo lo posible para que la experiencia fuera agradable posible llevarnos cerrar acantilados, incluso tomar un barco, regresar a la cueva el próximo año, plan de paz, hacer un viaje espiritual, una compañía turística de buena reputación",,nos echó a perder la elección de la compañía de viajes tours capitán tour en barco buen sabía guía de inglés ahorro dos uno hablaba bastante inglés también en serio barco diciéndonos pasajeros seis playa pago nadando tiburones ballena bien los leones paran tiburones ballena duraron minutos agua turbia sierra ir isla espíritu los leones hicieron casi todo esposa capaz de conseguir nariz nariz cachorro de león leones alrededor de nosotros curioso hizo snorkel se fue a bucear agua alrededor de los leones mucha sorpresa agradable almuerzo terminado hermosa playa de arena isla parecía otro barco turístico súper panga a lo largo de la playa muchos menos pasajeros el guía debe decir que el capitán hizo todo lo posible para que la experiencia fuera agradable posible llevarnos cerrar acantilados incluso tomar un barco regresar a la cueva el próximo año plan de paz hacer un viaje espiritual una compañía turística de buena reputación,153,False,es,es,echar perder elección compañía viaje tour capitán tour barco bueno saber guía inglés ahorro hablar inglés serio barco diciéndonos pasajero seis playa pago nadar tiburón ballena león parar tiburón ballena durar minuto agua turbia sierra isla espíritu león hacer esposar capaz conseguir nariz nariz cachorro león león alrededor curioso hacer snorkel bucear agua alrededor león sorpresa agradable almuerzo terminar hermoso playa arena isla parecer barco turístico súper panga largo playa pasajero guía debe decir capitán hacer posible experiencia ser agradable posible llevarnos cerrar acantilado incluso tomar barco regresar cueva próximo plan paz viaje espiritual compañía turístico bueno reputación,98
La Paz,,trip,,"La familia realizó un recorrido amigable, increíble, guía, grupo, almuerzo ligero, gratis, otro fue a nadar, tiburones ballena, leones, visto muchos peces, criaturas, estrellas de mar, cangrejos, recorrió la isla, conduciendo, bote, cuevas, rocas, lejos, los mejores días, forma de vida.",,la familia realizó un recorrido amigable increíble guía grupo almuerzo ligero gratis otro fue a nadar tiburones ballena leones visto muchos peces criaturas estrellas de mar cangrejos recorrió la isla conduciendo bote cuevas rocas lejos los mejores días forma de vida,41,False,es,es,familia realizar recorrido amigable increíble guía grupo almuerzo ligero gratis nadar tiburón ballena león vestir pecar criatura estrella mar cangrejo recorrer isla conducir bote cueva roca lejos mejorar vida,29
La Paz,,trip,,esposa excursión guiada de un día snorkel leones peces quedarse paisajes de paz increíbles acantilados desérticos cactus similar se puede ver cerca de leones humanos juguetones arrecifes hermosos nadé dentro de las escuelas muchos tipos peces sin embargo recuerda baja tropical caliente como digamos aire agua seca grados bastante fríos temprano paseo en bote isla de la paz toma poca hora agua formaciones rocosas increíble ver disfrutar paseo usar agua permanecida horas día interactuar leones realmente ambiente necesita colgar agua usar bien traje de neopreno completo esposa terminó uno mucho grande podría quedarse agua minutos frío usó traje de neopreno de regreso a casa duró el día la gente usó dos trajes de neopreno se sintió genial guía compañía proporcionar las cosas necesitan traer necesitan preguntar aprendido recordar viajes anteriores a baja enfriador de invierno viaje de un día para buceadores experimentados en lugar de ir a un viaje de un día vale cada minuto cada vez que se gasta,,esposa excursión guiada de un día snorkel leones peces quedarse paisajes de paz increíbles acantilados desérticos cactus similar se puede ver cerca de leones humanos juguetones arrecifes hermosos nadé dentro de las escuelas muchos tipos peces sin embargo recuerda baja tropical caliente como digamos aire agua seca grados bastante fríos temprano paseo en bote isla de la paz toma poca hora agua formaciones rocosas increíble ver disfrutar paseo usar agua permanecida horas día interactuar leones realmente ambiente necesita colgar agua usar bien traje de neopreno completo esposa terminó uno mucho grande podría quedarse agua minutos frío usó traje de neopreno de regreso a casa duró el día la gente usó dos trajes de neopreno se sintió genial guía compañía proporcionar las cosas necesitan traer necesitan preguntar aprendido recordar viajes anteriores a baja enfriador de invierno viaje de un día para buceadores experimentados en lugar de ir a un viaje de un día vale cada minuto cada vez que se gasta,160,False,es,es,esposar excursión guiar snorkel león pecar quedarse paisaje paz increíble acantilado desértico cactus similar poder ver cerca león humano juguetón arrecife hermoso nadar dentrar escuela pecar embargo recordar baja tropical caliente decir aire agua seco grado frío temprano paseo bote isla paz toma hora agua formación rocoso increíble ver disfrutar paseo usar agua permanecer hora interactuar león realmente ambiente necesitar colgar agua usar traje neopreno completo esposar terminar grande poder quedarse agua minuto frío usar traje neopreno regreso casa durar gente usar traje neopreno sentir genial guía compañía proporcionar necesitar traer necesitar preguntar aprender recordar viaje anterior baja enfriador invierno viaje buceador experimentar viaje vale minuto gastar,107
La Paz,,trip,,"realice un recorrido de un día completo por la isla espíritu santo, valió la pena realizar el recorrido por la compañía de viajes espíritu baja, disfruté cada minuto de la isla, un lugar único y hermoso, tour parcial para bucear, el mejor snorkel de todos los tiempos, el barco se detuvo dos veces para bucear con leones, un gran arrecife, ver muchos peces de colores, el agua alrededor de la isla, cristalina",,realice un recorrido de un día completo por la isla espíritu santo valió la pena realizar el recorrido por la compañía de viajes espíritu baja disfruté cada minuto de la isla un lugar único y hermoso tour parcial para bucear el mejor snorkel de todos los tiempos el barco se detuvo dos veces para bucear con leones un gran arrecife ver muchos peces de colores el agua alrededor de la isla cristalina,72,False,es,es,realizar recorrido completo isla espíritu santo valer pena realizar recorrido compañía viaje espíritu baja disfrutar minuto isla único hermoso tour parcial bucear mejor snorkel tiempo barco detener bucear león gran arrecife ver pecar colorar agua alrededor isla cristalino,38
La Paz,,trip,,reserva de la biosfera protegida accesible generalmente en panga paseos en bote en la isla muchas veces los viajes disponibles la playa toma media hora recorrer la isla recorrer las cuevas de la isla bucear con esnórquel nadar leones ofrecen un delicioso almuerzo en la playa cuesta menos reservar viaje a la ciudad vivir paz tomar un bote privado disfrutar del almuerzo con esnórquel hermosa playa de arena blanca asegúrese de que los pies eviten los rayos colgar arena dependiendo de la época del año ver ballenas delfines tortugas rayas muchos peces hermosos,,reserva de la biosfera protegida accesible generalmente en panga paseos en bote en la isla muchas veces los viajes disponibles la playa toma media hora recorrer la isla recorrer las cuevas de la isla bucear con esnórquel nadar leones ofrecen un delicioso almuerzo en la playa cuesta menos reservar viaje a la ciudad vivir paz tomar un bote privado disfrutar del almuerzo con esnórquel hermosa playa de arena blanca asegúrese de que los pies eviten los rayos colgar arena dependiendo de la época del año ver ballenas delfines tortugas rayas muchos peces hermosos,93,True,es,otro,,0
La Paz,,trip,,isla mágica hermosas playas parte norte colonia de leones marinos llamados islotes gran lugar buceo con snorkel pescando alrededor de la isla siempre es un gran momento,,isla mágica hermosas playas parte norte colonia de leones marinos llamados islotes gran lugar buceo con snorkel pescando alrededor de la isla siempre es un gran momento,27,False,es,es,isla mágico hermoso playa norte colonia león marino llamado islote gran buceo snorkel pescar alrededor isla gran,17
La Paz,,trip,,gran paseo en bote pequeño decidido bote playa a través de isla espíritu santo sería mejor bote ciudad pueblo isla conduje isla leones lindos jóvenes amor nadar sorpresa juguetón vio un pedazo de león snorkel nariz viaje bajo el agua toma el día botes pequeños salir regresar conduje por la tarde obtuvo número precio del bote hecho al día siguiente bahía agradable visita número tours en bote pesos pagados paseo en bote almuerzo,,gran paseo en bote pequeño decidido bote playa a través de isla espíritu santo sería mejor bote ciudad pueblo isla conduje isla leones lindos jóvenes amor nadar sorpresa juguetón vio un pedazo de león snorkel nariz viaje bajo el agua toma el día botes pequeños salir regresar conduje por la tarde obtuvo número precio del bote hecho al día siguiente bahía agradable visita número tours en bote pesos pagados paseo en bote almuerzo,73,True,es,otro,,0
La Paz,,trip,,isla protegida patrimonio natural se unió al recorrido visita isla isla pequeña sin embargo color verde esmeralda hermosa gente impresionada respeto proteger la naturaleza cuarto de baño usando agua también inodoro isla única podría mantener la belleza alrededor del área de las islas ver muchos leones amigables,,isla protegida patrimonio natural se unió al recorrido visita isla isla pequeña sin embargo color verde esmeralda hermosa gente impresionada respeto proteger la naturaleza cuarto de baño usando agua también inodoro isla única podría mantener la belleza alrededor del área de las islas ver muchos leones amigables,47,False,es,es,isla protegido patrimonio natural unir recorrido visita isla isla pequeño embargo color verde esmeralda hermoso gente impresionar respeto proteger naturaleza cuarto baño usar agua inodoro isla único poder mantener belleza alrededor del área isla ver león amigable,37
La Paz,,trip,,mejores peces focas en todas partes mal lejos quedarse quieto ir,,mejores peces focas en todas partes mal lejos quedarse quieto ir,11,False,es,es,mejorar pecar foca lejos quedarse quieto,6
La Paz,,trip,,tolerar agua fría viento libro tour conocido barco frío nunca haría tour reservado nosotros baja tours guías fantástico camino de agua fría nosotros nadar leones manejar ver tiburón ballena delfines resaltar tour atrás evitar tour barco pequeño sentir cada marido tiene sol viento frío bien todo el tiempo un dedo isla parar decir días continuos viaje paz regresó tierra marido cena decidido haría un tour a tiempo parcial año frío nosotros grandes deportes acuáticos la gente sabe pareja vino paz muchos deportes acuáticos disponibles amor agua orilla creo que pagado por persona incluye almuerzo aletas traje de neopreno usar costoso paseo en barco nosotros,,tolerar agua fría viento libro tour conocido barco frío nunca haría tour reservado nosotros baja tours guías fantástico camino de agua fría nosotros nadar leones manejar ver tiburón ballena delfines resaltar tour atrás evitar tour barco pequeño sentir cada marido tiene sol viento frío bien todo el tiempo un dedo isla parar decir días continuos viaje paz regresó tierra marido cena decidido haría un tour a tiempo parcial año frío nosotros grandes deportes acuáticos la gente sabe pareja vino paz muchos deportes acuáticos disponibles amor agua orilla creo que pagado por persona incluye almuerzo aletas traje de neopreno usar costoso paseo en barco nosotros,104,True,es,otro,,0
La Paz,,trip,,viaje isla atrás cuerpo duro botes pequeño poco profundo playa isla horas atrás pequeño hace paseo parado organizarse parar recomendar viaje menos invierno,,viaje isla atrás cuerpo duro botes pequeño poco profundo playa isla horas atrás pequeño hace paseo parado organizarse parar recomendar viaje menos invierno,23,False,otro,es,viaje isla atrás cuerpo duro bote pequeño profundo playa isla hora atrás pequeño paseo parado organizarse parar recomendar viaje invierno,20
La Paz,,trip,,excelente experiencia todo espectacular tours a islas nado leones debe paz,,excelente experiencia todo espectacular tours a islas nado leones debe paz,11,False,es,es,excelente experiencia espectacular tour isla nadar león debe paz,9
La Paz,,trip,,primera vez haciendo snorkel entre leones increíble pude ver nueva vida cachorros coral ver muchos peces diferentes impresionante familia esperar volver personal conocedor vida silvestre historia islas visto,,primera vez haciendo snorkel entre leones increíble pude ver nueva vida cachorros coral ver muchos peces diferentes impresionante familia esperar volver personal conocedor vida silvestre historia islas visto,28,False,otro,es,hacendar snorkel león increíble poder ver nueva vida cachorro coral ver pecar diferente impresionante familia esperar volver personal conocedor vida silvestre historia isla vestir,24
La Paz,,trip,,"tours a la isla, muy divertidos, tours a lugares maravillosos, hermosas, limpias, diferentes playas privadas de agua azul, también se puede practicar snorkel, lugares increíbles, muchos peces diferentes, animales, también parte de los tours, cerca de la isla, leones capaces de nadar cerca de la temporada de apareamiento, temporada de bebés, tours según el clima, viento, los tours incluyen comida, sin embargo, siempre se sugiere llevar bocadillos, tal vez beber, definitivamente, tomar sombras, protector solar, cámara, ya que quiero llevarlo a todos lados, se moja, en general, siempre es genial ir a la isla.",,tours a la isla muy divertidos tours a lugares maravillosos hermosas limpias diferentes playas privadas de agua azul también se puede practicar snorkel lugares increíbles muchos peces diferentes animales también parte de los tours cerca de la isla leones capaces de nadar cerca de la temporada de apareamiento temporada de bebés tours según el clima viento los tours incluyen comida sin embargo siempre se sugiere llevar bocadillos tal vez beber definitivamente tomar sombras protector solar cámara ya que quiero llevarlo a todos lados se moja en general siempre es genial ir a la isla,94,False,es,es,tour isla divertir tour maravilloso hermoso limpia diferente playa privado agua azul poder practicar snorkel increíble pecar diferente animal tour cerca isla león capaz nadar cerca temporada apareamiento temporada bebé tour clima viento tour incluir comida embargo sugerir llevar bocadillo tal beber definitivamente tomar sombrar protector solar cámara querer llevarlo lado mojar general genial isla,55
La Paz,,trip,,"Necesito alquilar un barco, conseguir una isla, vale la pena pagar el viaje, un pedacito de paraíso, suerte, ver la vida.",,necesito alquilar un barco conseguir una isla vale la pena pagar el viaje un pedacito de paraíso suerte ver la vida,21,False,es,es,necesitar alquilar barco conseguir isla vale pena pagar viaje pedacito paraíso suerte ver vida,14
La Paz,,trip,,guía turístico impresionante izquierda paz malecón nos llevó isla nadamos leones nos llevó playa privada hermosa muy recomendable paciente niños tour privado gente comprada,,guía turístico impresionante izquierda paz malecón nos llevó isla nadamos leones nos llevó playa privada hermosa muy recomendable paciente niños tour privado gente comprada,24,False,es,es,guía turístico impresionante izquierda paz malecón llevar isla nadar león llevar playa privado hermoso recomendable paciente niño tour privado gente comprar,21
La Paz,,trip,,Hicimos una excursión a la isla haciendo snorkel nadando leones gran día,,hicimos una excursión a la isla haciendo snorkel nadando leones gran día,12,False,es,es,hacer excursión isla hacendar snorkel nadar león gran,8
La Paz,,trip,,quiero encontrar isla colores claros conchas realmente paraíso,,quiero encontrar isla colores claros conchas realmente paraíso,8,False,otro,es,querer encontrar isla colorar claro concha realmente paraíso,8
La Paz,,trip,,aguas increíbles sombras azul verde nadar leones tiburones ballena bastante desiertas playas idílicas usado rojo libro de viajes excursiones en barco guías conocedores proporcionar excelente día,,aguas increíbles sombras azul verde nadar leones tiburones ballena bastante desiertas playas idílicas usado rojo libro de viajes excursiones en barco guías conocedores proporcionar excelente día,26,False,es,es,agua increíble sombrar azul verde nadar león tiburón ballena desierto playa idílico usar rojo libro viaje excursión barco guía conocedor proporcionar excelente,22
La Paz,,trip,,fui a baja tours realmente genial conocedor vida marina naturaleza regreso se detuvo encontrar ballenas conocí a una aunque temporada alta colores naturaleza animales ver lotes fantásticos leones viaje lleno de baches vientos fríos a pesar de ser genial,,fui a baja tours realmente genial conocedor vida marina naturaleza regreso se detuvo encontrar ballenas conocí a una aunque temporada alta colores naturaleza animales ver lotes fantásticos leones viaje lleno de baches vientos fríos a pesar de ser genial,39,False,es,es,ir baja tour realmente genial conocedor vida marina naturaleza regreso detener encontrar ballena conocer temporada alta colorar naturaleza animal ver lote fantástico león viaje lleno bache viento frío pesar genial,30
La Paz,,trip,,islas vírgenes hermosas feliz capaz experiencia belleza,,islas vírgenes hermosas feliz capaz experiencia belleza,7,False,otro,es,isla virgen hermoso feliz capaz experiencia belleza,7
La Paz,,trip,,tomar un viaje de un día isla espíritu santo combinar parada nadar tiburones ballena aún mejor guía nos llevó agradable snorkeling playa nadar leones se detiene en el camino colocar pájaros detectar uno de patas azules también fragata colonia de aves vio gran apareamiento resaltar leones de agua toneladas pescado almuerzo fresco ceviche playa fría increíble necesidad traje de neopreno agua fría fui contento viaje se fue temprano operadores viento llega la tarde traer capas reventadas luz rápido viaje de regreso puerto,,tomar un viaje de un día isla espíritu santo combinar parada nadar tiburones ballena aún mejor guía nos llevó agradable snorkeling playa nadar leones se detiene en el camino colocar pájaros detectar uno de patas azules también fragata colonia de aves vio gran apareamiento resaltar leones de agua toneladas pescado almuerzo fresco ceviche playa fría increíble necesidad traje de neopreno agua fría fui contento viaje se fue temprano operadores viento llega la tarde traer capas reventadas luz rápido viaje de regreso puerto,82,False,es,es,tomar viaje isla espíritu santo combinar parada nadar tiburón ballena mejor guía llevar agradable snorkeling playa nadar león detener camino colocar pájaro detectar pata azular fragata colonia ave ver gran apareamiento resaltar león agua tonelada pescado almuerzo fresco ceviche playa frío increíble necesidad traje neopreno agua frío ir contento viaje temprano operador viento llegar tarde traer capa reventar luz rápido viaje regreso puerto,63
La Paz,,trip,,isla espíritu santo uno lugares asombrosos alguna vez obtener barco aventura preparar cámara traje de baño vida marina abundante creer ojos contraste colores cielo azul roca formaciones de arena hacer viaje recordar barco isla lleno hermoso hacer querer volver descubrir cada,,isla espíritu santo uno lugares asombrosos alguna vez obtener barco aventura preparar cámara traje de baño vida marina abundante creer ojos contraste colores cielo azul roca formaciones de arena hacer viaje recordar barco isla lleno hermoso hacer querer volver descubrir cada,41,False,es,es,isla espíritu santo asombroso alguno obtener barco aventura preparar cámara traje baño vida marina abundante creer ojo contraste colorar cielo azul roca formación arena viaje recordar barco isla lleno hermoso querer volver descubrir,33
La Paz,,trip,,tiempo recomendar viaje consciente tomar día isla bastante cerca colonia de leones marinos en realidad roca isla norte isla norte espíritu santo bote se fue hora tarde tomó horas minutos obtener tiempo de viaje de regreso mucho grupo buceó con chalecos salvavidas parecía todavía capaz disfrutar de la experiencia un camino de regreso se detuvo calma bahía otro snorkel arrecife de coral excelente comida barco tomar refrigerios tomar cámara submarina quiero compartir experiencia,,tiempo recomendar viaje consciente tomar día isla bastante cerca colonia de leones marinos en realidad roca isla norte isla norte espíritu santo bote se fue hora tarde tomó horas minutos obtener tiempo de viaje de regreso mucho grupo buceó con chalecos salvavidas parecía todavía capaz disfrutar de la experiencia un camino de regreso se detuvo calma bahía otro snorkel arrecife de coral excelente comida barco tomar refrigerios tomar cámara submarina quiero compartir experiencia,73,False,es,es,tiempo recomendar viaje consciente tomar isla cerca colonia león marino realidad roca isla norte isla norte espíritu santo bote hora tarde tomar hora minuto obtener tiempo viaje regreso grupo bucear chaleco salvavidas parecer capaz disfrutar experiencia camino regreso detener calma bahía snorkel arrecife coral excelente comida barco tomar refrigerio tomar cámara submarino querer compartir experiencia,55
La Paz,,trip,,recorrido completo brillante paseo en bote isla espíritu santo snorkel leones experiencia verdaderamente mágica almuerzo kayak hermosa cala guías agradable informado mejor experiencia de tiempo,,recorrido completo brillante paseo en bote isla espíritu santo snorkel leones experiencia verdaderamente mágica almuerzo kayak hermosa cala guías agradable informado mejor experiencia de tiempo,25,False,es,es,recorrido completo brillante paseo bote isla espíritu santo snorkel león experiencia verdaderamente mágico almuerzo kayak hermoso cala guía agradable informar mejor experiencia tiempo,23
La Paz,,trip,,"la mejor experiencia navegando alrededor de una isla bastante grande observar ballenas tortugas bucear entorno de arrecife rodeado parar remoto espectacular playa virgen disfrutar de un almuerzo único, bueno y ligero consultar tours playa de navegación minutos en coche paz",,la mejor experiencia navegando alrededor de una isla bastante grande observar ballenas tortugas bucear entorno de arrecife rodeado parar remoto espectacular playa virgen disfrutar de un almuerzo único bueno y ligero consultar tours playa de navegación minutos en coche paz,40,False,es,es,mejor experiencia navegar alrededor isla grande observar ballena tortuga bucear entorno arrecife rodear parar remoto espectacular playa virgen disfrutar almuerzo único bueno ligero consultar tour playa navegación minuto coche paz,30
La Paz,,trip,,tomó el tour de la isla espíritu santo gran día paz buen momento isla gran barco gran tripulación nado leones tour en panga varias calas kayak tabla de remo comida bebidas genial otro tour en barco pronto recomendaría a cualquiera,,tomó el tour de la isla espíritu santo gran día paz buen momento isla gran barco gran tripulación nado leones tour en panga varias calas kayak tabla de remo comida bebidas genial otro tour en barco pronto recomendaría a cualquiera,40,False,es,es,tomar tour isla espíritu santo gran paz bueno isla gran barco gran tripulación nadar león tour panga variar cala kayak tabla remo comida bebida genial tour barco pronto recomendar cualquiera,30
La Paz,,trip,,tour de un día paz pesca espíritu santo temprano en la mañana seguido experiencia mágica jugando delfines bahía espíritu santo isla seis delfines disfrutaron frente barco nadando junto a nosotros también vimos ballena manta saltó agua cerca del barco formaciones rocosas islas también número interesante hermosas playas bahías definitivamente experiencia de por vida nosotros,,tour de un día paz pesca espíritu santo temprano en la mañana seguido experiencia mágica jugando delfines bahía espíritu santo isla seis delfines disfrutaron frente barco nadando junto a nosotros también vimos ballena manta saltó agua cerca del barco formaciones rocosas islas también número interesante hermosas playas bahías definitivamente experiencia de por vida nosotros,54,False,es,es,tour paz pesca espíritu santo temprano mañana seguir experiencia mágico jugar delfín bahía espíritu santo isla seis delfín disfrutar frente barco nadar junto ver ballena manta saltar agua cerca del barco formación rocoso isla número interesante hermoso playa bahía definitivamente experiencia vida,42
La Paz,,trip,,increible viaje islas vistas como nada visto seguro llevar crema solar calentita ir,,increible viaje islas vistas como nada visto seguro llevar crema solar calentita ir,13,False,otro,es,increible viaje isla vista nada vestir seguro llevar crema solar calentito,11
La Paz,,trip,,paseo en bote reservado playa gran restaurante tour diferentes vienen paz recorrieron completamente la isla paseo en bote se fueron horas más viniendo isla de la paz increíbles acantilados rosados ​​rojos caída pájaro grande muchas vida marina bucear leones peces de arrecife delfines ave fragata favorita experiencia de colonia cosa sería mejor capitán hablaba inglés,,paseo en bote reservado playa gran restaurante tour diferentes vienen paz recorrieron completamente la isla paseo en bote se fueron horas más viniendo isla de la paz increíbles acantilados rosados rojos caída pájaro grande muchas vida marina bucear leones peces de arrecife delfines ave fragata favorita experiencia de colonia cosa sería mejor capitán hablaba inglés,55,False,es,es,paseo bote reservado playa gran restaurante tour diferente venir paz recorrer completamente isla paseo bote ser hora venir isla paz increíble acantilado rosado rojo caída pájaro grande vida marina bucear león pecar arrecife delfín ave fragata favorito experiencia colonia ser mejor capitán hablar inglés,44
La Paz,,trip,,viaje de un día largo que vale la pena la izquierda regresé conduciendo playa norte ahorre tiempo operador turístico en barco buen trabajo mucho inglés amigable alquilado pequeño día de bote privado pesos incluidos comida bebidas pacífico paseo mínimo colonia de leones increíble lindo amigable vida de peces increíble también agua cristalina siguiente fue playa privada hermoso nadamos con snorkel comimos almuerzo disfrutamos del agua a los niños les encantó mucho los adultos fueron arrecife de coral camino de regreso increíble tour de una hora de snorkel altamente recomendado,,viaje de un día largo que vale la pena la izquierda regresé conduciendo playa norte ahorre tiempo operador turístico en barco buen trabajo mucho inglés amigable alquilado pequeño día de bote privado pesos incluidos comida bebidas pacífico paseo mínimo colonia de leones increíble lindo amigable vida de peces increíble también agua cristalina siguiente fue playa privada hermoso nadamos con snorkel comimos almuerzo disfrutamos del agua a los niños les encantó mucho los adultos fueron arrecife de coral camino de regreso increíble tour de una hora de snorkel altamente recomendado,89,False,es,es,viaje largo vale pena izquierda regresar conducir playa norte ahorrar tiempo operador turístico barco bueno trabajo inglés amigable alquilar pequeño bote privado peso incluir comida bebida pacífico paseo mínimo colonia león increíble lindo amigable vida pecar increíble agua cristalino siguiente playa privado hermoso nadar snorkel comer almuerzo disfrutar del agua niño encantar adulto ser arrecife coral camino regreso increíble tour hora snorkel altamente recomendado,64
La Paz,,trip,,viaje isla espíritu santo paz yendo a la zona de la playa más tarde conseguir coche autobús autobús paz eligió autobús ofrece excursiones de un día interesante viaje agua más snorkel parando el almuerzo reservaría el clima mal ventoso frío divertido viento hecho el recorrido dos veces recomendaría hacer arreglos obtener paz instalaciones playa comida bastante primitiva excelente descanso parte de la experiencia playa agua limpia agradable por lo general ir paz bastante frío la última vez al hombre de la playa le picaron arena cerca de la orilla iría al agua a principios de la primavera sin,,viaje isla espíritu santo paz yendo a la zona de la playa más tarde conseguir coche autobús autobús paz eligió autobús ofrece excursiones de un día interesante viaje agua más snorkel parando el almuerzo reservaría el clima mal ventoso frío divertido viento hecho el recorrido dos veces recomendaría hacer arreglos obtener paz instalaciones playa comida bastante primitiva excelente descanso parte de la experiencia playa agua limpia agradable por lo general ir paz bastante frío la última vez al hombre de la playa le picaron arena cerca de la orilla iría al agua a principios de la primavera sin,98,False,es,es,viaje isla espíritu santo paz ir zona playa tarde conseguir coche autobús autobús paz eligir autobús ofrecer excursión interesante viaje agua snorkel parar almuerzo reservar clima ventoso frío divertir viento recorrido recomendar arreglo obtener paz instalación playa comida primitiva excelente descanso experiencia playa agua limpia agradable general paz frío último hombre playa picar arena cerca orilla ir agua principio primavera,60
La Paz,,trip,,espíritu santo tiempos tiempo absoluto viaje agradable casi olvidar maravilla venir a menudo ver tiburones ballena delfines criaturas recorridos también tomar cuevas explicar formaciones rocosas obtener colonia de leones increíble diferentes épocas año ver bebés rocas colgando rocas lleno leones nadar fascinante curioso venir a la derecha máscara comprobar uno de los mejores recorridos que los visitantes deben visitar paz primero agua hermoso color,,espíritu santo tiempos tiempo absoluto viaje agradable casi olvidar maravilla venir a menudo ver tiburones ballena delfines criaturas recorridos también tomar cuevas explicar formaciones rocosas obtener colonia de leones increíble diferentes épocas año ver bebés rocas colgando rocas lleno leones nadar fascinante curioso venir a la derecha máscara comprobar uno de los mejores recorridos que los visitantes deben visitar paz primero agua hermoso color,64,False,es,es,espíritu santo tiempo tiempo absoluto viaje agradable olvidar maravilla venir menudo ver tiburón ballena delfín criatura recorrido tomar cueva explicar formación rocoso obtener colonia león increíble diferente época ver bebé roca colgar roca lleno león nadar fascinante curioso venir derecha máscara comprobar mejorar recorrido visitante deber visitar paz primero agua hermoso color,52
La Paz,,trip,,nadar español cierto una mujer vino bien nosotros jugamos chocando nadando hacia atrás mirando cara marido cabeza almuerzo delicioso servido hermosa playa me encantó ver fragata sitio de anidación camino de regreso muy recomendado,,nadar español cierto una mujer vino bien nosotros jugamos chocando nadando hacia atrás mirando cara marido cabeza almuerzo delicioso servido hermosa playa me encantó ver fragata sitio de anidación camino de regreso muy recomendado,34,False,es,es,nadar español cierto mujer vino jugar chocar nadar atrás mirar cara marido cabeza almuerzo delicioso servir hermoso playa encantar ver fragata sitio anidación camino regreso recomendado,26
La Paz,,trip,,señaló hacia otra compañía de snorkel día completo quería ir compañía de viaje de snorkel nosotros espíritu baja podía guiar hablaba perfecto inglés marina conocía área vida silvestre pozo historia espíritu santo parque nacional espíritu cuidado todos tratar cuidado respeto costo horas totalmente razonables agua agua buen almuerzo arena playa capaz sol nadar hora de playa aconsejaría traer mucho protector solar día completo gran día paz espíritu baja,,señaló hacia otra compañía de snorkel día completo quería ir compañía de viaje de snorkel nosotros espíritu baja podía guiar hablaba perfecto inglés marina conocía área vida silvestre pozo historia espíritu santo parque nacional espíritu cuidado todos tratar cuidado respeto costo horas totalmente razonables agua agua buen almuerzo arena playa capaz sol nadar hora de playa aconsejaría traer mucho protector solar día completo gran día paz espíritu baja,68,False,es,es,señalar compañía snorkel completo querer compañía viaje snorkel espíritu baja poder guiar hablar perfecto inglés marina conocer área vida silvestre pozo historia espíritu santo parque nacional espíritu cuidado tratar cuidado respeto costo hora totalmente razonable agua agua bueno almuerzo arena playa capaz sol nadar hora playa aconsejar traer protector solar completo gran paz espíritu baja,55
La Paz,,trip,,hermoso paisaje agua clara maravilloso snorkel muchos tipos vida coral definitivamente cerca gran experiencia de arrecife,,hermoso paisaje agua clara maravilloso snorkel muchos tipos vida coral definitivamente cerca gran experiencia de arrecife,16,False,es,es,hermoso paisaje agua clara maravilloso snorkel vida coral definitivamente cerca gran experiencia arrecife,13
La Paz,,trip,,viaje en barco parte interesante área de la isla nadar leones largo barco a motor nadar entre leones emocionante día destacado pasajeros tomados hermosa bahía almuerzo maravilloso ceviche duración horas de excursión debido viento en contra regreso horas pasadas viaje vale la pena visitar paz,,viaje en barco parte interesante área de la isla nadar leones largo barco a motor nadar entre leones emocionante día destacado pasajeros tomados hermosa bahía almuerzo maravilloso ceviche duración horas de excursión debido viento en contra regreso horas pasadas viaje vale la pena visitar paz,45,False,es,es,viaje barco interesante área isla nadar león largo barco motor nadar león emocionante destacar pasajero tomar hermoso bahía almuerzo maravilloso ceviche duración hora excursión deber viento regreso hora pasada viaje vale pena visitar paz,34
La Paz,,trip,,"Fuimos en un crucero en bote, hicimos snorkel, leones, un gran cachorrito jugando con nosotros, siguió nadando a un par de pies, nosotros, juguetonamente, alejándonos, el crucero se detuvo, un pequeño almuerzo en la playa aislada, ceviche, un barco realmente aislado, uno nos detuvo, el grupo se detuvo, vio grandes formaciones rocosas, excelente manera, pasar el día, nos costó por persona, sentir dinero, experiencia bien gastada.",,fuimos en un crucero en bote hicimos snorkel leones un gran cachorrito jugando con nosotros siguió nadando a un par de pies nosotros juguetonamente alejándonos el crucero se detuvo un pequeño almuerzo en la playa aislada ceviche un barco realmente aislado uno nos detuvo el grupo se detuvo vio grandes formaciones rocosas excelente manera pasar el día nos costó por persona sentir dinero experiencia bien gastada,66,False,es,es,ir crucero bote hacer snorkel león gran cachorrito jugar seguir nadar par pie juguetonamente alejándonos crucero detener pequeño almuerzo playa aislar ceviche barco realmente aislar detener grupo detener ver grande formación rocoso excelente pasar costar persona sentir dinero experiencia gastar,40
La Paz,,trip,,la vida consiguió nadar jugar cachorros de leones salvajes más o menos como perros vivir agua también vi ballenas jorobadas escuela delfines camino detenido playa desierta almuerzo paz ir espíritu santo gravemente desaparecido fue mejor,,la vida consiguió nadar jugar cachorros de leones salvajes más o menos como perros vivir agua también vi ballenas jorobadas escuela delfines camino detenido playa desierta almuerzo paz ir espíritu santo gravemente desaparecido fue mejor,35,False,es,es,vida conseguir nadar jugar cachorro león salvaje perro vivir agua ballena jorobado escuela delfín camino detenido playa desierto almuerzo paz espíritu santo gravemente desaparecido mejor,25
La Paz,,trip,,parte parque marino isla espíritu santo fácil acceso paz tour barco panga interminables calas perfecto arena blanca cristalina agua turquesa lugar perfecto relajarse disfrutar día perfecto colinas rocosas rojo rosa agregar ballena jorobada escuela delfines cualquiera importa conseguir día recordar,,parte parque marino isla espíritu santo fácil acceso paz tour barco panga interminables calas perfecto arena blanca cristalina agua turquesa lugar perfecto relajarse disfrutar día perfecto colinas rocosas rojo rosa agregar ballena jorobada escuela delfines cualquiera importa conseguir día recordar,40,False,otro,es,parque marino isla espíritu santo fácil acceso paz tour barco panga interminable cala perfecto arena blanco cristalino agua turquesa perfecto relajarse disfrutar perfecto colina rocoso rojo rosa agregar ballena jorobado escuela delfín cualquiera importar conseguir recordar,36
La Paz,,trip,,Vale la pena un largo viaje en bote. Vaya a proporcionar el almuerzo. Un pequeño bote con baño.,,vale la pena un largo viaje en bote vaya a proporcionar el almuerzo un pequeño bote con baño,18,False,es,es,vale pena largo viaje bote vaya proporcionar almuerzo pequeño bote baño,11
La Paz,,trip,,isla espíritu isla santo kayak playas de arena blanca descanso colonias de corales snorkel hermoso remo pasado caminatas cortas y agradables alrededor de la isla muchas combinaciones hicieron una experiencia agradable días pasar kayak acampar altamente recomiendo viaje recuerde traer dependiendo de la época del año vaya,,isla espíritu isla santo kayak playas de arena blanca descanso colonias de corales snorkel hermoso remo pasado caminatas cortas y agradables alrededor de la isla muchas combinaciones hicieron una experiencia agradable días pasar kayak acampar altamente recomiendo viaje recuerde traer dependiendo de la época del año vaya,47,False,es,es,isla espíritu isla santo kayak playa arena blanco descanso colonia coral snorkel hermoso remo pasado caminata corta agradable alrededor isla combinación hacer experiencia agradable pasar kayak acampar altamente recomendar viaje recordar traer depender época del vaya,36
La Paz,,trip,,izquierda isla desierta playas agua idílica cálida fenomenal sierra piqueros de patas azules me sentí como si me volviera loco traer natural mantener alejado me alegro de haber ido semanas después error,,izquierda isla desierta playas agua idílica cálida fenomenal sierra piqueros de patas azules me sentí como si me volviera loco traer natural mantener alejado me alegro de haber ido semanas después error,32,False,es,es,izquierda isla desierto playa agua idílico cálido fenomenal sierra piqueros pata azular sentir volver loco traer natural mantener alejar alegro ir semana error,23
La Paz,,trip,,cada vista impresionante muchos bien muchos recorridos tranquilos tomar bien también pescador tomar isla pequeño cada por favor no te lo pierdas ya que no ver nada más tour real originalmente mente haría ir a hacer el día del recorrido ir a hacer otro viaje alquiler condujo a todas partes el día anterior puerto cerrado bien miré alrededor otro pronto caminó lo suficiente otro tipo del tour esperándonos bien consiguió bote pequeño isla viaje mínimo isla conseguir fácilmente bien tomar con calma cerrar los ojos chico del tour muy serio comenzó a hacer nos mostró la isla muchas rocas cada isla hecha especial una playas formación rocosa formación rocosa hecha por el hombre agua larga comenzó a decirnos hecho perlas atrás día curso como muchos hombre natural lugar bien turista contar todo muchas personas importantes usaron hermosas perlas muchas historias nosotros recibimos leones marinos prácticamente tours desde hacer snorkel aterrador adivinar usar realmente hechos tiempos hábitat obtener salto en bote comenzar divertido disfrutar de la hora de snorkel vi muchos se acercaron mucho bien todo divertido equipo de snorkel proporcionado recorrido gran experiencia actividades bueno dejar ir increíble bien conservado muchos mantener el lugar hermoso impresionante nosotros turista bien sin duda regresar seguro amor lugar uno hermosas playas mundo bueno todavía esperando ir no ir isla espíritu santo bueno en realidad se perdió la mejor parte,,cada vista impresionante muchos bien muchos recorridos tranquilos tomar bien también pescador tomar isla pequeño cada por favor no te lo pierdas ya que no ver nada más tour real originalmente mente haría ir a hacer el día del recorrido ir a hacer otro viaje alquiler condujo a todas partes el día anterior puerto cerrado bien miré alrededor otro pronto caminó lo suficiente otro tipo del tour esperándonos bien consiguió bote pequeño isla viaje mínimo isla conseguir fácilmente bien tomar con calma cerrar los ojos chico del tour muy serio comenzó a hacer nos mostró la isla muchas rocas cada isla hecha especial una playas formación rocosa formación rocosa hecha por el hombre agua larga comenzó a decirnos hecho perlas atrás día curso como muchos hombre natural lugar bien turista contar todo muchas personas importantes usaron hermosas perlas muchas historias nosotros recibimos leones marinos prácticamente tours desde hacer snorkel aterrador adivinar usar realmente hechos tiempos hábitat obtener salto en bote comenzar divertido disfrutar de la hora de snorkel vi muchos se acercaron mucho bien todo divertido equipo de snorkel proporcionado recorrido gran experiencia actividades bueno dejar ir increíble bien conservado muchos mantener el lugar hermoso impresionante nosotros turista bien sin duda regresar seguro amor lugar uno hermosas playas mundo bueno todavía esperando ir no ir isla espíritu santo bueno en realidad se perdió la mejor parte,226,False,es,es,vista impresionante recorrido tranquilo tomar pescador tomar isla pequeño favor perder ver nada tour real originalmente mente hacer del recorrido viaje alquiler conducir anterior puerto cerrar mirar alrededor pronto caminar suficiente del tour esperándonos conseguir bote pequeño isla viaje mínimo isla conseguir fácilmente tomar calma cerrar ojo chico del tour serio comenzar mostrar isla roca isla hacer especial playa formación rocoso formación rocoso hacer hombre agua larga comenzar decirnos perla atrás curso hombre natural turista contar persona importante usar hermoso perla historia recibir león marino prácticamente tour snorkel aterrador adivinar usar realmente hecho tiempo hábitat obtener salto bote comenzar divertir disfrutar hora snorkel acercar divertir equipo snorkel proporcionar recorrido gran experiencia actividad bueno dejar increíble conservar mantener hermoso impresionante turista duda regresar seguro amor hermoso playa mundo bueno esperar isla espíritu santo bueno realidad perder mejor,136
La Paz,,trip,,tour destacado viaje paz reservado espiritu baja tours cada parte viaje elegir hotel paseo fácil isla detenida compartir historia historias isla bucear leones pescado mejor jamás visto mucho mejor bucear con esnórquel cada isla en pocas palabras todos deben resaltar parar playa desierta agua turquesa arena blanca comer ceviche fresco beber memoria nunca olvidar altamente recomiendo recorrer a cualquiera,,tour destacado viaje paz reservado espiritu baja tours cada parte viaje elegir hotel paseo fácil isla detenida compartir historia historias isla bucear leones pescado mejor jamás visto mucho mejor bucear con esnórquel cada isla en pocas palabras todos deben resaltar parar playa desierta agua turquesa arena blanca comer ceviche fresco beber memoria nunca olvidar altamente recomiendo recorrer a cualquiera,59,False,es,es,tour destacar viaje paz reservado espiritu baja tour viaje elegir hotel paseo fácil isla detenido compartir historia historia isla bucear león pescado mejor vestir mejor bucear esnórquel isla palabra deber resaltar parar playa desierto agua turquesa arena blanco comer ceviche fresco beber memoria olvidar altamente recomendar recorrer cualquiera,48
La Paz,,trip,,esposa reservó días buceo snorkel operador turístico llamado fun baja ubicado dentro de baja encontrado servicio profesional poco costoso seguridad equipo de alta calidad servicio vale la pena cada,,esposa reservó días buceo snorkel operador turístico llamado fun baja ubicado dentro de baja encontrado servicio profesional poco costoso seguridad equipo de alta calidad servicio vale la pena cada,29,False,es,es,esposar reservar buceo snorkel operador turístico llamado fun baja ubicar dentrar baja encontrar servicio profesional costoso seguridad equipo alta calidad servicio vale pena,23
La Paz,,trip,,gran familia año hizo un recorrido tiempo de la isla leones minutos le gustaría quedarse más tiempo recomendar primavera extra obtener tour privado barco más pequeño consigue tiempo bucear leones buen almuerzo playa desierta comida buena preguntar asegúrese de traer remo almuerzo en la playa memorable sierra ballenas mantarrayas saltando agua delfines increíble toda la familia,,gran familia año hizo un recorrido tiempo de la isla leones minutos le gustaría quedarse más tiempo recomendar primavera extra obtener tour privado barco más pequeño consigue tiempo bucear leones buen almuerzo playa desierta comida buena preguntar asegúrese de traer remo almuerzo en la playa memorable sierra ballenas mantarrayas saltando agua delfines increíble toda la familia,56,False,es,es,gran familia hacer recorrido tiempo isla león minuto gustar quedarse tiempo recomendar primavera extra obtener tour privado barco pequeño conseguir tiempo bucear león bueno almuerzo playa desierto comida bueno preguntar asegúrese traer remo almuerzo playa memorable sierra ballena mantarrayas saltar agua delfín increíble familia,44
La Paz,,trip,,su esposo tomó una expedición guiada en kayak días en la isla hermosas playas de arena hermosas puestas de sol hermoso clima pájaros saltando mantarrayas baños tranquilos y snorkel leones curiosos,,su esposo tomó una expedición guiada en kayak días en la isla hermosas playas de arena hermosas puestas de sol hermoso clima pájaros saltando mantarrayas baños tranquilos y snorkel leones curiosos,31,False,es,es,esposo tomar expedición guiar kayak isla hermoso playa arena hermoso puesta sol hermoso clima pájaro saltar mantarrayas baño tranquilo snorkel león curioso,22
La Paz,,trip,,natación inolvidable leones bebés parecen hacernos encontrar criaturas buscando máscaras snorkels ballena jorobada bebé jugando viaje,,natación inolvidable leones bebés parecen hacernos encontrar criaturas buscando máscaras snorkels ballena jorobada bebé jugando viaje,16,False,otro,es,natación inolvidable león bebé parecer hacernos encontrar criatura buscar máscara snorkels ballena jorobado bebé jugar viaje,16
La Paz,,trip,,buscando algo completamente lugar ir aguas completamente claras hermosas formaciones rocosas tengo ir pequeño bote muy interesante historia isla caminata viejo pozo de agua usado anteriormente todavía uso verdaderamente pasado isla cubierta muchos cactus a miles de millas de distancia en realidad muy cerca paz curso jugar cachorros de león observar peces grandes y coloridos experiencia isla pensar en retroceder paz creer aventura participó,,buscando algo completamente lugar ir aguas completamente claras hermosas formaciones rocosas tengo ir pequeño bote muy interesante historia isla caminata viejo pozo de agua usado anteriormente todavía uso verdaderamente pasado isla cubierta muchos cactus a miles de millas de distancia en realidad muy cerca paz curso jugar cachorros de león observar peces grandes y coloridos experiencia isla pensar en retroceder paz creer aventura participó,64,False,es,es,buscar algo completamente agua completamente clara hermoso formación rocoso tener pequeño bote interesante historia isla caminata viejo pozo agua usar anteriormente uso verdaderamente pasado isla cubierta cactus mil milla distancia realidad cerca paz curso jugar cachorro león observar pecar grande colorido experiencia isla pensar retroceder paz creer aventura participar,49
La Paz,,trip,,como la vida silvestre los leones deben ver buceo profundo antes de ir tiempo podrían bucear snorkel leones realmente genial buzo de todos modos agua ver venir buena información dado bonito día focas submarinas pequeño juguetón venir máscara podría acariciar un mordisco como cachorros como cachorros muerden a otros ver video santo incluidos islotes león obtener minúsculo menos personas viaje mejor intentar encontrar un viaje más pequeño menos personas,,como la vida silvestre los leones deben ver buceo profundo antes de ir tiempo podrían bucear snorkel leones realmente genial buzo de todos modos agua ver venir buena información dado bonito día focas submarinas pequeño juguetón venir máscara podría acariciar un mordisco como cachorros como cachorros muerden a otros ver video santo incluidos islotes león obtener minúsculo menos personas viaje mejor intentar encontrar un viaje más pequeño menos personas,69,False,es,es,vida silvestre león deber ver buceo profundo tiempo poder bucear snorkel león realmente genial buzo modo agua ver venir bueno información dado bonito foca submarino pequeño juguetón venir máscara poder acariciar mordisco cachorro cachorro morder ver video santo incluir islote león obtener minúsculo persona viaje mejor intentar encontrar viaje pequeño persona,51
La Paz,,trip,,"años paz a tiempo parcial lugar fabuloso absoluto visitar islas nunca ver hermosa baja desierto paz islas cercanas santo mucha historia natural hermosas bahías acantilados formaciones geológicas mencionar peces activos arrecifes buceo snorkel increíble número de especies de peces tropicales mencionar ver tiburón ballena más grande delfines varias especies de ballenas, incluida la ballena azul mantarrayas gigantes aves increíbles islotes de leones nadar a través del arco natural remar alrededor del coral incluso ponerse cara león juvenil seguro buen guía sabe recomendar diversión baja lucir bien botes rápidos equipo de habla español inglés podría escribir mirar lo mejor que podría decir ir a ver preguntar magnífica fragata bahía de aves próxima pregunta revisión ordenar visita decir nunca negocio",,años paz a tiempo parcial lugar fabuloso absoluto visitar islas nunca ver hermosa baja desierto paz islas cercanas santo mucha historia natural hermosas bahías acantilados formaciones geológicas mencionar peces activos arrecifes buceo snorkel increíble número de especies de peces tropicales mencionar ver tiburón ballena más grande delfines varias especies de ballenas incluida la ballena azul mantarrayas gigantes aves increíbles islotes de leones nadar a través del arco natural remar alrededor del coral incluso ponerse cara león juvenil seguro buen guía sabe recomendar diversión baja lucir bien botes rápidos equipo de habla español inglés podría escribir mirar lo mejor que podría decir ir a ver preguntar magnífica fragata bahía de aves próxima pregunta revisión ordenar visita decir nunca negocio,118,False,es,es,paz tiempo parcial fabuloso absoluto visitar isla ver hermoso baja desierto paz isla cercano santo historia natural hermoso bahía acantilado formación geológico mencionar pecar activo arrecife buceo snorkel increíble número especie pecar tropical mencionar ver tiburón ballena grande delfín variar especie ballena incluir ballena azul mantarrayas gigante ave increíble islote león nadar través del arco natural remar alrededor del coral incluso ponerse cara león juvenil seguro bueno guía saber recomendar diversión baja lucir bote rápido equipo habla español inglés poder escribir mirar mejor poder decir ver preguntar magnífico fragata bahía ave próximo pregunta revisión ordenar visita decir negocio,98
La Paz,,trip,,"visión de futuro naturaleza otros isla espíritu santo desarrollo especialmente afortunado debido proximidad sureste pero espíritu fácilmente accesible asequible gente maravilla visitar tal vez personas visitan libro tour lejos recomendaría meses ventosos punto visitar espíritu viento invierno recomendaría planear quedarse baja más tiempo plan kayak espíritu viaje plan clima decir caliente ventoso gente también intentar combinar avistamiento de ballenas kayak temporada de avistamiento de ballenas temprano gente de paz reservar kayak invierno buen plan viento reservar viaje más tarde aún podría combinar avistamiento de ballenas ir temporada de ballenas más tarde millas reservadas transporte días de paz clima viento kayak ubicado hotel llegó paz autobús yendo pasar derecho el hotel le pidió al conductor del autobús que nos dejara al día siguiente arreglos para visitar la isla lancha a motor nos llevaría a la isla parando colonia de focas primero nadando las focas pasarían días tres noches acampando nos recogerían el último remo fuerte viento de la isla soplando quieto tierra transporte playa espíritu descanso primera mañana paz gastada quería caminado poco comprado descansar bien parada de autobús justo afuera pesos nos trajo de regreso hotel trajo acampar nosotros incluyendo tienda de campaña campamento de aire alquilado kayak aletas de snorkel acampado seco primera noche incluyendo bonita playa al norte linda costa proximidad se quedó primera noche caminata también capaz pescado campamento de pescadores lado norte espíritu las siguientes dos noches pasaron campamento de pescadores Bueno, la bahía del lado norte acampó en la bahía rocosa del lado sur. Excelentes lados para bucear en la bahía. El día siguiente lo pasamos explorando la gran bahía. Playa sur. Una hermosa colonia de anidación de aves. Lado sur. Lado norte. Excelente para bucear.",,visión de futuro naturaleza otros isla espíritu santo desarrollo especialmente afortunado debido proximidad sureste pero espíritu fácilmente accesible asequible gente maravilla visitar tal vez personas visitan libro tour lejos recomendaría meses ventosos punto visitar espíritu viento invierno recomendaría planear quedarse baja más tiempo plan kayak espíritu viaje plan clima decir caliente ventoso gente también intentar combinar avistamiento de ballenas kayak temporada de avistamiento de ballenas temprano gente de paz reservar kayak invierno buen plan viento reservar viaje más tarde aún podría combinar avistamiento de ballenas ir temporada de ballenas más tarde millas reservadas transporte días de paz clima viento kayak ubicado hotel llegó paz autobús yendo pasar derecho el hotel le pidió al conductor del autobús que nos dejara al día siguiente arreglos para visitar la isla lancha a motor nos llevaría a la isla parando colonia de focas primero nadando las focas pasarían días tres noches acampando nos recogerían el último remo fuerte viento de la isla soplando quieto tierra transporte playa espíritu descanso primera mañana paz gastada quería caminado poco comprado descansar bien parada de autobús justo afuera pesos nos trajo de regreso hotel trajo acampar nosotros incluyendo tienda de campaña campamento de aire alquilado kayak aletas de snorkel acampado seco primera noche incluyendo bonita playa al norte linda costa proximidad se quedó primera noche caminata también capaz pescado campamento de pescadores lado norte espíritu las siguientes dos noches pasaron campamento de pescadores bueno la bahía del lado norte acampó en la bahía rocosa del lado sur excelentes lados para bucear en la bahía el día siguiente lo pasamos explorando la gran bahía playa sur una hermosa colonia de anidación de aves lado sur lado norte excelente para bucear,281,True,es,otro,,0
La Paz,,trip,,"Nos tomó horas recorrer la isla, lote, acantilados, delfines salvajes, playas, todo, muy caliente, excelente playa, snorkel, leones, fotos de amor, excelente ubicación.",,nos tomó horas recorrer la isla lote acantilados delfines salvajes playas todo muy caliente excelente playa snorkel leones fotos de amor excelente ubicación,23,False,es,es,tomar hora recorrer isla lote acantilado delfín salvaje playa caliente excelente playa snorkel león foto amor excelente ubicación,18
La Paz,,trip,,"Encontré agua fría, alquilé un traje de neopreno, esposa, aventurero, pasé una hora, leones de agua, vino bien, parecía la mano como lo haría un perro.",,encontré agua fría alquilé un traje de neopreno esposa aventurero pasé una hora leones de agua vino bien parecía la mano como lo haría un perro,26,False,es,es,encontrar agua frío alquilar traje neopreno esposar aventurero pasar hora león agua vino parecer mano hacer perro,17
La Paz,,trip,,fue genial paseo en panga isla hizo snorkel nos equipó trajes de neopreno equipo leones camino de regreso se detuvo hermosa playa desierta conjunto de capitán tipos de almuerzo ceviche enorme bebidas completas incluyendo cerveza playa reservada algo tours pesos hotel nosotros viaje,,fue genial paseo en panga isla hizo snorkel nos equipó trajes de neopreno equipo leones camino de regreso se detuvo hermosa playa desierta conjunto de capitán tipos de almuerzo ceviche enorme bebidas completas incluyendo cerveza playa reservada algo tours pesos hotel nosotros viaje,43,False,es,es,genial paseo panga isla hacer snorkel equipar traje neopreno equipo león camino regreso detener hermoso playa desierto conjunto capitán almuerzo ceviche enorme bebida completar incluir cerveza playa reservar algo tour peso hotel viaje,33
La Paz,,trip,,fui tour recomendado gente guía divertido nado guiado tiburones ballena juguetones leones juveniles agua bastante fría como probar un poco más caliente,,fui tour recomendado gente guía divertido nado guiado tiburones ballena juguetones leones juveniles agua bastante fría como probar un poco más caliente,22,False,es,es,ir tour recomendado gente guía divertir nadar guiado tiburón ballena juguetón león juvenil agua frío probar caliente,17
La Paz,,trip,,el viaje en bote dura seis horas centro paz vale la pena primer destino isla espíritu santo gran colonia de focas vive una hora para paradas de bote disfrutar del agua mirar alrededor hacer snorkel el camino de regreso el bote se acercó las atracciones se detuvieron otra hermosa playa de aguas cristalinas disfrutada,,el viaje en bote dura seis horas centro paz vale la pena primer destino isla espíritu santo gran colonia de focas vive una hora para paradas de bote disfrutar del agua mirar alrededor hacer snorkel el camino de regreso el bote se acercó las atracciones se detuvieron otra hermosa playa de aguas cristalinas disfrutada,54,False,es,es,viaje bote durar seis hora centro paz vale pena destino isla espíritu santo gran colonia foca vivar hora parada bote disfrutar del agua mirar alrededor snorkel camino regreso bote acercar atracción detener hermoso playa agua cristalino disfrutar,37
La Paz,,trip,,hospedarse condujo un auto de alquiler paz fue un viaje en velero de dos días viaje en velero increíble todo más allá del servicio comida estrella hermoso paisaje acuático hecho absolutamente perfecto sin embargo tirado camino local la ciudad nos dejó sin querer regresar paz menos auto de alquiler obviamente,,hospedarse condujo un auto de alquiler paz fue un viaje en velero de dos días viaje en velero increíble todo más allá del servicio comida estrella hermoso paisaje acuático hecho absolutamente perfecto sin embargo tirado camino local la ciudad nos dejó sin querer regresar paz menos auto de alquiler obviamente,50,False,es,es,hospedarse conducir auto alquiler paz viaje velero viaje velero increíble del servicio comida estrella hermoso paisaje acuático absolutamente perfecto embargo tirado camino local ciudad dejar querer regresar paz auto alquiler obviamente,31
La Paz,,trip,,time paz baja food galore kids ages,,time paz baja food galore kids ages,7,False,en,otro,paz baja food galore kids ages,6
La Paz,,trip,,una de las mejores cosas hechas en la vida bucear leones todavía vienen a ver mucho amor animales especial,,una de las mejores cosas hechas en la vida bucear leones todavía vienen a ver mucho amor animales especial,19,False,es,es,mejorar hacer vida bucear león venir ver amor animal especial,10
La Paz,,trip,,ya quiero volver a la izquierda bucear leones una experiencia memorable años bucear esperar volver,,ya quiero volver a la izquierda bucear leones una experiencia memorable años bucear esperar volver,15,False,es,es,querer volver izquierda bucear león experiencia memorable bucear esperar volver,10
La Paz,,trip,,isla preservada protegida no puede desembarcar playas la naturaleza es lo primero nadar a continuación tortugas pelícanos leones peces deben quedarse baja,,isla preservada protegida no puede desembarcar playas la naturaleza es lo primero nadar a continuación tortugas pelícanos leones peces deben quedarse baja,22,False,es,es,isla preservar protegido poder desembarcar playa naturaleza primero nadar continuación tortuga pelícano león pecar deber quedarse baja,17
La Paz,,trip,,uno lugares hermosos cada isla protegida ver la naturaleza mejor ver muchos leones tortugas peces pájaros nunca mirarían paz debe mirar la vida realmente,,uno lugares hermosos cada isla protegida ver la naturaleza mejor ver muchos leones tortugas peces pájaros nunca mirarían paz debe mirar la vida realmente,24,False,es,es,hermoso isla protegido ver naturaleza mejor ver león tortuga pecar pájaro mirar paz debe mirar vida realmente,17
La Paz,,trip,,Bien vale la pena hermosas aguas gran guía delicioso almuerzo tipo picnic playa fabulosa nadar leones increíble,,bien vale la pena hermosas aguas gran guía delicioso almuerzo tipo picnic playa fabulosa nadar leones increíble,17,False,es,es,vale pena hermoso agua gran guía delicioso almuerzo picnic playa fabuloso nadar león increíble,14
La Paz,,trip,,chicos casi hermosos nos llevaron a un tour fantástico organizado baja us,,chicos casi hermosos nos llevaron a un tour fantástico organizado baja us,12,False,es,es,chico hermoso llevar tour fantástico organizar baja,7
La Paz,,trip,,"Excursión de un día cuando llegue el verano, asegúrese de traer un sombrero. Viaje muy recomendado.",,excursión de un día cuando llegue el verano asegúrese de traer un sombrero viaje muy recomendado,16,False,es,es,excursión llegar verano asegúrese traer sombrero viaje recomendado,8
La Paz,,trip,,lugar formaciones increíbles también un gran lugar para bucear alrededor de las crías de foca les encanta jugar,,lugar formaciones increíbles también un gran lugar para bucear alrededor de las crías de foca les encanta jugar,18,False,es,es,formación increíble gran bucear alrededor cría foca encantar jugar,9
La Paz,,trip,,"la isla es bastante larga, parece acantilados rocosos a lo largo de hermosas playas de arena, tomó un paseo en bote para hacer snorkel, leones, uno se volvió amigable, cuidadoso, bucear con snorkel, difícil, escapar, comenzar a chocar, nadar con las piernas.",,la isla es bastante larga parece acantilados rocosos a lo largo de hermosas playas de arena tomó un paseo en bote para hacer snorkel leones uno se volvió amigable cuidadoso bucear con snorkel difícil escapar comenzar a chocar nadar con las piernas,42,False,es,es,isla larga parecer acantilado rocoso largo hermoso playa arena tomar paseo bote snorkel león volver amigable cuidadoso bucear snorkel difícil escapar comenzar chocar nadar pierna,25
La Paz,,trip,,isla espíritu santo hermosas áreas para acampar agradable paseo corto entre cactus hermosa playa observación de leones nadar isla del extremo norte seguro tome un bote cómodo porque el viaje es largo en la isla,,isla espíritu santo hermosas áreas para acampar agradable paseo corto entre cactus hermosa playa observación de leones nadar isla del extremo norte seguro tome un bote cómodo porque el viaje es largo en la isla,35,False,es,es,isla espíritu santo hermoso área acampar agradable paseo corto cactus hermoso playa observación león nadar isla del extremo norte seguro tomar bote cómodo viaje largo isla,26
La Paz,,trip,,experiencia maravillosa junta isla de baja espíritu paz nadó leones guía juguetón dulce conocedor área de vida marina conductor del barco fue más allá mantenernos cómodos organizado conseguir el almuerzo en el barco hermosa playa de arena blanca genial,,experiencia maravillosa junta isla de baja espíritu paz nadó leones guía juguetón dulce conocedor área de vida marina conductor del barco fue más allá mantenernos cómodos organizado conseguir el almuerzo en el barco hermosa playa de arena blanca genial,39,False,es,es,experiencia maravilloso junta isla baja espíritu paz nadar león guía juguetón dulce conocedor área vida marina conductor del barco mantenernos cómodo organizar conseguir almuerzo barco hermoso playa arena blanco genial,30
La Paz,,trip,,islas protegidas sorprendentes prístinas necesidad especial ir islas flora fauna feliz aprender bien playas protegidas realmente salir de la playa senderos designados isla de senderismo contado caminata tiempos abundante agua temporada adecuada tal vez la próxima vez vi tortugas rayas de arena muchos peces arrecifes de coral pelícanos foca león sola parecía genial guía compañía buscando uno paz,,islas protegidas sorprendentes prístinas necesidad especial ir islas flora fauna feliz aprender bien playas protegidas realmente salir de la playa senderos designados isla de senderismo contado caminata tiempos abundante agua temporada adecuada tal vez la próxima vez vi tortugas rayas de arena muchos peces arrecifes de coral pelícanos foca león sola parecía genial guía compañía buscando uno paz,58,False,es,es,isla protegido sorprendente prístino necesidad especial isla flora fauna feliz aprender playa protegido realmente salir playa sendero designar isla senderismo contado caminata tiempo abundante agua temporada adecuar tal próximo tortuga raya arena pecar arrecife coral pelícano foca león solar parecer genial guía compañía buscar paz,45
La Paz,,trip,,imprescindible viaje en barco ver ballenas hacer snorkel mucha diversión rayas gigantes mucha vida,,imprescindible viaje en barco ver ballenas hacer snorkel mucha diversión rayas gigantes mucha vida,14,False,es,es,imprescindible viaje barco ver ballena snorkel diversión raya gigante vida,10
La Paz,,trip,,ir a un buen grupo de tour barco más grande excursión de un día realmente agradable buenos precios razonables,,ir a un buen grupo de tour barco más grande excursión de un día realmente agradable buenos precios razonables,19,True,es,otro,,0
La Paz,,trip,,"ya sea que realice un recorrido por la playa, reserve una excursión, compañía, isla espíritu santo, debe visitar una bonita colonia de leones, excelente snorkel, hermosos paisajes, playas increíbles.",,ya sea que realice un recorrido por la playa reserve una excursión compañía isla espíritu santo debe visitar una bonita colonia de leones excelente snorkel hermosos paisajes playas increíbles,29,False,es,es,sea realizar recorrido playa reservar excursión compañía isla espíritu santo debe visitar bonito colonia león excelente snorkel hermoso paisaje playa increíble,21
La Paz,,trip,,Valió la pena el viaje de un día. Fuimos a la compañía de viajes. Hotel recomendado. Increíble viaje de un día. Realmente asequible.,,valió la pena el viaje de un día fuimos a la compañía de viajes hotel recomendado increíble viaje de un día realmente asequible,23,False,es,es,valer pena viaje ir compañía viaje hotel recomendado increíble viaje realmente asequible,12
La Paz,,trip,,"Debes verlo, tomar un bote privado, disfrutar de una isla increíble, una belleza increíble.",,debes verlo tomar un bote privado disfrutar de una isla increíble una belleza increíble,14,False,es,es,debe verlo tomar bote privado disfrutar isla increíble belleza increíble,10
La Paz,,trip,,tour reservado bote parece pagado pesos viaje en bote lleva a lo largo de la costa girando playa nadado disfrutar rumbo a la playa hizo varias paradas día área de anidación gran variedad aves una varias playas ceviche almuerzo snorkeling snorkeling natación leones sitio de la biosfera perdido,,tour reservado bote parece pagado pesos viaje en bote lleva a lo largo de la costa girando playa nadado disfrutar rumbo a la playa hizo varias paradas día área de anidación gran variedad aves una varias playas ceviche almuerzo snorkeling snorkeling natación leones sitio de la biosfera perdido,48,False,es,es,tour reservado bote parecer pagar peso viaje bote llevar largo costa girar playa nadar disfrutar rumbo playa hacer variar parada área anidación gran variedad ave variar playa ceviche almuerzo snorkeling snorkeling natación león sitio biosfera perdido,36
La Paz,,trip,,excursión de un día que disfruté plenamente visita espíritu alrededores recorridos revisión completa día a pesar de bucear leones año temporada todavía hay muchos delfines leones paisajes dramáticos calma paz lados isla quiero regresar ver ballenas temporada de tiburones ballena,,excursión de un día que disfruté plenamente visita espíritu alrededores recorridos revisión completa día a pesar de bucear leones año temporada todavía hay muchos delfines leones paisajes dramáticos calma paz lados isla quiero regresar ver ballenas temporada de tiburones ballena,40,False,es,es,excursión disfrutar plenamente visita espíritu alrededor recorrido revisión completar pesar bucear león temporada delfín león paisaje dramático calma paz lado isla querer regresar ver ballena temporada tiburón ballena,28
La Paz,,trip,,espíritu santo costa paz viaje pasa por la hermosa bahía punta isla oportunidad nadar leones reservar viaje pasar una semana kayak alrededor de la isla,,espíritu santo costa paz viaje pasa por la hermosa bahía punta isla oportunidad nadar leones reservar viaje pasar una semana kayak alrededor de la isla,25,False,es,es,espíritu santo costa paz viaje pasa hermoso bahía punta isla oportunidad nadar león reservar viaje pasar semana kayak alrededor isla,20
La Paz,,trip,,"Hicimos una excursión de un día hermosa isla Día cálido y ventoso a pesar de que el clima es fantástico, toda la experiencia vale la pena poder ver la naturaleza, los mejores turistas intactos desde que la isla está protegida por el gobierno, playas de arena blanca, aguas de color aguamarina, arrecifes coloridos, muchos tipos diferentes de peces.",,hicimos una excursión de un día hermosa isla día cálido y ventoso a pesar de que el clima es fantástico toda la experiencia vale la pena poder ver la naturaleza los mejores turistas intactos desde que la isla está protegida por el gobierno playas de arena blanca aguas de color aguamarina arrecifes coloridos muchos tipos diferentes de peces,58,False,es,es,hacer excursión hermoso isla cálido ventoso pesar clima fantástico experiencia vale pena poder ver naturaleza mejorar turista intacto isla estar protegido gobierno playa arena blanco agua color aguamarina arrecife colorido diferente pecar,32
La Paz,,trip,,hermosa experiencia maravillosa guía turístico agradable recorrido experto incluido almuerzo bebidas todos van al paraíso escondido,,hermosa experiencia maravillosa guía turístico agradable recorrido experto incluido almuerzo bebidas todos van al paraíso escondido,16,False,otro,es,hermoso experiencia maravilloso guía turístico agradable recorrido experto incluir almuerzo bebida ir paraíso esconder,14
La Paz,,trip,,pasé días kayak haciendo snorkel isla espíritu santo nadé leones visita guiada profesional guía útil servicio de hotel paz snorkel tortugas vi manta rayas rayas tipos pájaros peces cangrejos incluso visitar el campamento una noche maravillosas puestas de sol privadas hermosas playas rutas de senderismo arrecifes curso de agua experiencia climática menos afortunada transporte en barco hora de paz temporada de viento esperar lugar de transporte húmedo y lleno de baches totalmente vale la pena ir a buscar ir a la bahía video increíble tortugas por favor ayuden a encontrar el camino de regreso,,pasé días kayak haciendo snorkel isla espíritu santo nadé leones visita guiada profesional guía útil servicio de hotel paz snorkel tortugas vi manta rayas rayas tipos pájaros peces cangrejos incluso visitar el campamento una noche maravillosas puestas de sol privadas hermosas playas rutas de senderismo arrecifes curso de agua experiencia climática menos afortunada transporte en barco hora de paz temporada de viento esperar lugar de transporte húmedo y lleno de baches totalmente vale la pena ir a buscar ir a la bahía video increíble tortugas por favor ayuden a encontrar el camino de regreso,94,False,es,es,pasar kayak hacendar snorkel isla espíritu santo nadar león visita guiar profesional guía útil servicio hotel paz snorkel tortuga manta raya raya pájaro pecar cangrejo incluso visitar campamento noche maravilloso puesta sol privado hermoso playa ruta senderismo arrecife curso agua experiencia climático afortunado transporte barco hora paz temporada viento esperar transporte húmedo lleno bache totalmente vale pena buscar bahía video increíble tortuga favor ayudar encontrar camino regreso,67
La Paz,,trip,,tours que nos ofrecieron el mejor grupo interesado tiburón ballena parte buscada ver isla caída descanso en la playa los invitados fueron a bucear amigable seguro conocedor ceviche cerveza todo baja tiene mucho dinero que vale la pena querer,,tours que nos ofrecieron el mejor grupo interesado tiburón ballena parte buscada ver isla caída descanso en la playa los invitados fueron a bucear amigable seguro conocedor ceviche cerveza todo baja tiene mucho dinero que vale la pena querer,39,False,es,es,tour ofrecer mejor grupo interesado tiburón ballena buscar ver isla caída descanso playa invitado ser bucear amigable seguro conocedor ceviche cerveza baja dinero vale pena querer,26
La Paz,,trip,,"bien tomado, calas aisladas, gente haciendo snorkel, agua, izquierda, paz, continuo, paseo por toda la isla, pasando por hermosas playas, calas, obviamente, bonitas formaciones, snorkel, dicho viaje largo, pasando, debe ir muy bien, horas, finalmente, pase por toda la isla, pequeña roca, océano, varios barcos ya guían, hablaban inglés, nosotros saltamos agua juntos, viaje, roca, sierra, leones, atrás, minutos en bote, intenté ver peces, atrás, bote, pensó en otra playa, snorkel, cayó, playa servida, delicioso ceviche, pasamos el día de descanso, parado, alrededor de la playa, hora, viaje de regreso, paz, aparentemente, vista, cosa, snorkeling, barco, horas, minutos, guías de snorkeling, agradable, explicó, nada, nosotros, proporcionamos información, inglés, menos día, agradable, vio delfines ballenas gente agradable bucear",,bien tomado calas aisladas gente haciendo snorkel agua izquierda paz continuo paseo por toda la isla pasando por hermosas playas calas obviamente bonitas formaciones snorkel dicho viaje largo pasando debe ir muy bien horas finalmente pase por toda la isla pequeña roca océano varios barcos ya guían hablaban inglés nosotros saltamos agua juntos viaje roca sierra leones atrás minutos en bote intenté ver peces atrás bote pensó en otra playa snorkel cayó playa servida delicioso ceviche pasamos el día de descanso parado alrededor de la playa hora viaje de regreso paz aparentemente vista cosa snorkeling barco horas minutos guías de snorkeling agradable explicó nada nosotros proporcionamos información inglés menos día agradable vio delfines ballenas gente agradable bucear,117,False,es,es,tomar cala aislar gente hacendar snorkel agua izquierda paz continuo paseo isla pasar hermoso playa cala obviamente bonito formación snorkel dicho viaje largo pasar debe hora finalmente pase isla pequeño roca océano varios barco guiar hablar inglés saltar agua junto viaje roca sierra león atrás minuto bote intentar ver pecar atrás bote pensar playa snorkel caer playa servir delicioso ceviche pasar descanso parado alrededor playa hora viaje regreso paz aparentemente vista snorkeling barco hora minuto guía snorkeling agradable explicar nada proporcionar información inglés agradable ver delfín ballena gente agradable bucear,90
La Paz,,trip,,lugar cielo asegúrese de que el día otra brecha otros no puedan nadar leones pregunte al guía correcto,,lugar cielo asegúrese de que el día otra brecha otros no puedan nadar leones pregunte al guía correcto,18,False,es,es,cielo asegúrese brecha poder nadar león preguntar guía correcto,9
La Paz,,trip,,"Reservé un recorrido por la isla directamente en la playa, lo pasamos genial, regresamos muy agradable, seguro, lo pasamos genial nadando leones, parte increíble del recorrido, también se detuvo en la playa, picnic, lugar para almorzar, trajimos bebidas, ceviche, nos quedamos menos de una hora de regreso, hicimos otra parada para hacer snorkel en aguas profundas, lo pasamos genial, gran día.",,reservé un recorrido por la isla directamente en la playa lo pasamos genial regresamos muy agradable seguro lo pasamos genial nadando leones parte increíble del recorrido también se detuvo en la playa picnic lugar para almorzar trajimos bebidas ceviche nos quedamos menos de una hora de regreso hicimos otra parada para hacer snorkel en aguas profundas lo pasamos genial gran día,61,False,es,es,reservar recorrido isla directamente playa pasar genial regresar agradable seguro pasar genial nadar león increíble del recorrido detener playa picnic almorzar traer bebida ceviche quedar hora regreso hacer parada snorkel agua profundar pasar genial gran,35
La Paz,,trip,,nadar leones experiencia increíble hacer snorkel también excelente vi pez enorme pez,,nadar leones experiencia increíble hacer snorkel también excelente vi pez enorme pez,12,False,es,es,nadar león experiencia increíble snorkel excelente pez enorme pez,9
La Paz,,trip,,"Fue May Paz, madre fue de gira, una experiencia única y hermosa. No me lo puedo perder. También es una compañía extremadamente turística. Considere tomar toda la mañana. Obtenga leones. Regrese. Almuerzo increíble.",,fue may paz madre fue de gira una experiencia única y hermosa no me lo puedo perder también es una compañía extremadamente turística considere tomar toda la mañana obtenga leones regrese almuerzo increíble,33,False,es,es,may paz madre gira experiencia único hermoso poder perder compañía extremadamente turístico considerar tomar mañana obtener león regresar almuerzo increíble,20
La Paz,,trip,,preguntó varios eligieron buen precio camino otros capitán se olvidó profesional serio seguridad bote detenido varios lugares camino mostrar bahías rocas vale la pena el viaje precio necesito pagar el doble precio buceó cerca leones focas preferido quedarse rocas nadar junto a nosotros vale la pena de todos modos,,preguntó varios eligieron buen precio camino otros capitán se olvidó profesional serio seguridad bote detenido varios lugares camino mostrar bahías rocas vale la pena el viaje precio necesito pagar el doble precio buceó cerca leones focas preferido quedarse rocas nadar junto a nosotros vale la pena de todos modos,49,True,es,otro,,0
La Paz,,trip,,"La mejor aventura de todos los tiempos a bordo de Baja, increíble nadado, leones, peces, coral, ver, preguntar.",,la mejor aventura de todos los tiempos a bordo de baja increíble nadado leones peces coral ver preguntar,18,False,es,es,mejor aventura tiempo bordo baja increíble nadar león pecar coral ver preguntar,12
La Paz,,trip,,Hicimos tres recorridos Compañía de viajes Espiritu Baja Tour de conocimientos Buceo con esnórquel Leones de la costa equipados trajes de neopreno Chalecos salvavidas Paseo en bote por la bahía Paz Colonia de leones Delfines nos acompañaron Detenido en varios sitios Colonia de fragatas de perlas Nos guió Arco de roca Guía de snorkel Dio excelente respeto Animales visitando Obtenga tiempo Agua Describa Sentí en realidad León joven Cruzar los brazos como nosotros Tocar el bote de regreso Se acercó a la playa Delicioso almuerzo Pescar al norte de nosotros Viaje de una hora Bien vale la pena el precio,,hicimos tres recorridos compañía de viajes espiritu baja tour de conocimientos buceo con esnórquel leones de la costa equipados trajes de neopreno chalecos salvavidas paseo en bote por la bahía paz colonia de leones delfines nos acompañaron detenido en varios sitios colonia de fragatas de perlas nos guió arco de roca guía de snorkel dio excelente respeto animales visitando obtenga tiempo agua describa sentí en realidad león joven cruzar los brazos como nosotros tocar el bote de regreso se acercó a la playa delicioso almuerzo pescar al norte de nosotros viaje de una hora bien vale la pena el precio,100,True,es,otro,,0
La Paz,,trip,,pasé días noches viaje isla espíritu diversión organizada baja uno de los mejores viajes de mi vida todavía quiero experimentar la naturaleza salvaje real sin un viaje realmente difícil diversión baja gran elección hermoso entorno campamento excelentes excursiones de un día día fabuloso comida realmente fabulosa lo mejor divertido baja la gente trabaja excelente compañía nos cuidó especialmente maravilloso guía increíble cocinero divertido baja parte memorable viaje baja,,pasé días noches viaje isla espíritu diversión organizada baja uno de los mejores viajes de mi vida todavía quiero experimentar la naturaleza salvaje real sin un viaje realmente difícil diversión baja gran elección hermoso entorno campamento excelentes excursiones de un día día fabuloso comida realmente fabulosa lo mejor divertido baja la gente trabaja excelente compañía nos cuidó especialmente maravilloso guía increíble cocinero divertido baja parte memorable viaje baja,68,False,es,es,pasar noche viaje isla espíritu diversión organizar baja mejorar viaje vida querer experimentar naturaleza salvaje real viaje realmente difícil diversión baja gran elección hermoso entorno campamento excelente excursión fabuloso comida realmente fabuloso mejor divertir baja gente trabajar excelente compañía cuidar especialmente maravilloso guía increíble cocinero divertir baja memorable viaje baja,50
La Paz,,trip,,viaje isla espíritu santo largo fresco día ventoso recomendaría el día fue frío ventoso nadando agradable creo que podría ser bueno viaje a mediados del verano visitado el año pasado soltar apoyo,,viaje isla espíritu santo largo fresco día ventoso recomendaría el día fue frío ventoso nadando agradable creo que podría ser bueno viaje a mediados del verano visitado el año pasado soltar apoyo,32,False,es,es,viaje isla espíritu santo largo fresco ventoso recomendar frío ventoso nadar agradable crear poder bueno viaje mediar del verano visitar pasado soltar apoyo,23
La Paz,,trip,,paseo en bote bastante largo visitar leones desafortunadamente el día visitado decepcionaría otro día de vista enormes delfines jugando junto al bote delantero otro hermoso encuentro con la naturaleza,,paseo en bote bastante largo visitar leones desafortunadamente el día visitado decepcionaría otro día de vista enormes delfines jugando junto al bote delantero otro hermoso encuentro con la naturaleza,29,False,es,es,paseo bote largo visitar león desafortunadamente visitar decepcionar vista enorme delfín jugar junto bote delantero hermoso encuentro naturaleza,18
La Paz,,trip,,buen camino disfrutar hermoso ver abundante vida silvestre comer almuerzo hermosa playa nadar tours de aventura nadar leones tiburones ballena poco podría saber con anticipación agua fría incluso nadar nadar mantener animales manejar actual también cálido grupo inusual león moverse grupo siempre recordar salvaje disfrutado curioso rápido,,buen camino disfrutar hermoso ver abundante vida silvestre comer almuerzo hermosa playa nadar tours de aventura nadar leones tiburones ballena poco podría saber con anticipación agua fría incluso nadar nadar mantener animales manejar actual también cálido grupo inusual león moverse grupo siempre recordar salvaje disfrutado curioso rápido,47,False,es,es,bueno camino disfrutar hermoso ver abundante vida silvestre comer almuerzo hermoso playa nadar tour aventura nadar león tiburón ballena poder saber anticipación agua frío incluso nadar nadar mantener animal manejar actual cálido grupo inusual león moverse grupo recordar salvaje disfrutar curioso rápido,42
La Paz,,trip,,isla espíritu santo velero paz impresionado completo tipo bahías barco dos ancla supuesta temporada alta mucha vida salvaje vista excelente lugar realmente,,isla espíritu santo velero paz impresionado completo tipo bahías barco dos ancla supuesta temporada alta mucha vida salvaje vista excelente lugar realmente,22,False,otro,es,isla espíritu santo velero paz impresionar completo bahía barco ancla suponer temporada alta vida salvaje vista excelente realmente,18
La Paz,,trip,,Vale la pena pagar el tour. Hacer snorkel increíble. Inusual. Mucha gente.,,vale la pena pagar el tour hacer snorkel increíble inusual mucha gente,12,False,es,otro,vale pena pagar tour snorkel increíble inusual gente,8
La Paz,,trip,,el mejor viaje de un día baja snorkel leones almuerzo hermoso paisaje de playa increíble paseo en bote camino isla vio ballenas delfines cerca del bote también increíble colonia de aves fragatas actividad muy recomendada,,el mejor viaje de un día baja snorkel leones almuerzo hermoso paisaje de playa increíble paseo en bote camino isla vio ballenas delfines cerca del bote también increíble colonia de aves fragatas actividad muy recomendada,35,False,es,es,mejor viaje baja snorkel león almuerzo hermoso paisaje playa increíble paseo bote camino isla ver ballena delfín cerca del bote increíble colonia ave fragata actividad recomendado,26
La Paz,,trip,,tours espirituales recomendados nadar tiburones ballena maravillosa compañía de viajes guías mejor mucho respetar la vida saber nadar tomar nadar a mano podría experimentar toda la vida,,tours espirituales recomendados nadar tiburones ballena maravillosa compañía de viajes guías mejor mucho respetar la vida saber nadar tomar nadar a mano podría experimentar toda la vida,27,False,es,es,tour espiritual recomendado nadar tiburón ballena maravilloso compañía viaje guía mejor respetar vida saber nadar tomar nadar mano poder experimentar vida,21
La Paz,,trip,,bucear leones muy divertido como jugar bajo el agua interactuar mantener aunque marido,,bucear leones muy divertido como jugar bajo el agua interactuar mantener aunque marido,13,False,es,es,bucear león divertir jugar agua interactuar mantener marido,8
La Paz,,trip,,Una guía de recuerdos de viaje muy divertida y útil se aseguró de que la experiencia de todos fuera bien.,,una guía de recuerdos de viaje muy divertida y útil se aseguró de que la experiencia de todos fuera bien,20,False,es,es,guía recuerdo viaje divertir útil asegurar experiencia ser,8
La Paz,,trip,,viaje planeado hace varios años visitando playas cerca de paz mucho menos reservado viaje en barco justo poco próximo restaurante viaje costo persona tomó horas incluido almuerzo dos paradas para hacer snorkel poco decepcionado variedad pez sierra nadar muy cerca leones guía bastante conocedor isla bahías calas fauna información entretenido buen trabajo cuidando pasajeros recomendar viaje snorkel al aire libre llevar personal snacks almuerzos lado ligero ceviche sencillo,,viaje planeado hace varios años visitando playas cerca de paz mucho menos reservado viaje en barco justo poco próximo restaurante viaje costo persona tomó horas incluido almuerzo dos paradas para hacer snorkel poco decepcionado variedad pez sierra nadar muy cerca leones guía bastante conocedor isla bahías calas fauna información entretenido buen trabajo cuidando pasajeros recomendar viaje snorkel al aire libre llevar personal snacks almuerzos lado ligero ceviche sencillo,68,False,es,es,viaje planear varios visitar playa cerca paz reservado viaje barco justo próximo restaurante viaje costo persona tomar hora incluir almuerzo parada snorkel decepcionar variedad pez sierra nadar cerca león guía conocedor isla bahía cala fauna información entretenido bueno trabajo cuidar pasajero recomendar viaje snorkel aire libre llevar personal snack almuerzo lado ligero ceviche sencillo,54
La Paz,,trip,,camino de buceo costa oeste tiempo fantástico espíritu santo buceo visibilidad del arrecife sitios de buceo brillantes excelentes especies de peces me encantó ver cerca del pozo del barco escuela destacada alrededor rayas mobula pasó gran viaje destacado de buceo,,camino de buceo costa oeste tiempo fantástico espíritu santo buceo visibilidad del arrecife sitios de buceo brillantes excelentes especies de peces me encantó ver cerca del pozo del barco escuela destacada alrededor rayas mobula pasó gran viaje destacado de buceo,40,False,es,es,camino buceo costa oeste tiempo fantástico espíritu santo buceo visibilidad del arrecife sitio buceo brillante excelente especie pecar encantar ver cerca del pozo del barco escuela destacar alrededor raya mobula pasar gran viaje destacar buceo,35
La Paz,,trip,,"El mejor lugar para los leones para bucear cerca de los arrecifes de Paz, como mucha vida cerca de las rocas.",,el mejor lugar para los leones para bucear cerca de los arrecifes de paz como mucha vida cerca de las rocas,21,False,es,es,mejor león bucear cerca arrecife paz vida cerca roca,9
La Paz,,trip,,vale la pena el viaje naturaleza los mejores tres viajes hermoso lugar oportunidad snorkel buceo islotes inolvidable,,vale la pena el viaje naturaleza los mejores tres viajes hermoso lugar oportunidad snorkel buceo islotes inolvidable,17,False,es,es,vale pena viaje naturaleza mejorar viaje hermoso oportunidad snorkel buceo islote inolvidable,12
La Paz,,trip,,lugar hermoso mejor pequeñas calas privadas arrecifes encontrar pequeño paraíso vida increíble naturaleza perdida,,lugar hermoso mejor pequeñas calas privadas arrecifes encontrar pequeño paraíso vida increíble naturaleza perdida,14,False,otro,es,hermoso mejor pequeño cala privado arrecife encontrar pequeño paraíso vida increíble naturaleza perdido,13
La Paz,,trip,,nadar leones ver delfines bucear agua azul clara mucha experiencia yendo,,nadar leones ver delfines bucear agua azul clara mucha experiencia yendo,11,False,otro,es,nadar león ver delfín bucear agua azul clara experiencia ir,10
La Paz,,trip,,en realidad tocar leones acercarse lo suficiente nadar arrecifes pescar gran vista también,,en realidad tocar leones acercarse lo suficiente nadar arrecifes pescar gran vista también,13,False,es,es,realidad tocar león acercarse suficiente nadar arrecife pescar gran vista,10
La Paz,,trip,,encantador recorrido experiencia fantástica nadar leones ver increíbles formaciones rocosas islas hermosas playas remotas más bien ya dicho quiero compartir consejo importante aunque visitado corrientes tardías agua fría adultos duros incluso temperatura uno recomendaría usar traje de neopreno hotel recomendado necesita también seguir guía arco de natación obtener tiempo nadar corriente visibilidad baja poco ver buceadores experimentados buceadores sería mejor preferiría pasar tiempo leones tiempo tiene leones frío disfrutar pasar mucho tiempo recomiendo encarecidamente viaje buscado importante deseo conocido,,encantador recorrido experiencia fantástica nadar leones ver increíbles formaciones rocosas islas hermosas playas remotas más bien ya dicho quiero compartir consejo importante aunque visitado corrientes tardías agua fría adultos duros incluso temperatura uno recomendaría usar traje de neopreno hotel recomendado necesita también seguir guía arco de natación obtener tiempo nadar corriente visibilidad baja poco ver buceadores experimentados buceadores sería mejor preferiría pasar tiempo leones tiempo tiene leones frío disfrutar pasar mucho tiempo recomiendo encarecidamente viaje buscado importante deseo conocido,79,False,es,es,encantador recorrido experiencia fantástico nadar león ver increíble formación rocoso isla hermoso playa remoto dicho querer compartir consejo importante visitar corriente tardío agua frío adulto duro incluso temperatura recomendar usar traje neopreno hotel recomendado necesitar seguir guía arco natación obtener tiempo nadar corriente visibilidad baja ver buceador experimentar buceador ser mejor preferir pasar tiempo león tiempo león frío disfrutar pasar tiempo recomendar encarecidamente viaje buscar importante deseo conocido,68
La Paz,,trip,,Fuimos en barco Mins Island paramos snorkel leones exploramos coral picnic almuerzo mágica cala de arena regresamos mejor ciudad,,fuimos en barco mins island paramos snorkel leones exploramos coral picnic almuerzo mágica cala de arena regresamos mejor ciudad,19,False,es,es,ir barco mins island parar snorkel león explorar coral picnic almuerzo mágico cala arena regresar mejor ciudad,17
La Paz,,trip,,marido navega islas todos los años agua baja clara como ballenas vio delfines tortugas último viaje remo senderismo genial traer mucha agua,,marido navega islas todos los años agua baja clara como ballenas vio delfines tortugas último viaje remo senderismo genial traer mucha agua,22,False,es,es,marido navegar isla agua baja clara ballena ver delfín tortuga último viaje remo senderismo genial traer agua,17
La Paz,,trip,,destino alcanzado barco isla biosfera protegida áreas naturales protegidas administradas desierto agua abundante vida bucear mejor hacer snorkel conseguir barco colonias de leones cuevas explorar peces enormes vida en todas partes recomendar diversión baja pescar excelentes días fueron gran variedad de peces divertido recomendar playas gran almuerzo parque tarde senderismo isla agua empezar sin decir acampar permitido ver a cualquiera bucear realmente interesante viaje a baja que vale la pena tomar,,destino alcanzado barco isla biosfera protegida áreas naturales protegidas administradas desierto agua abundante vida bucear mejor hacer snorkel conseguir barco colonias de leones cuevas explorar peces enormes vida en todas partes recomendar diversión baja pescar excelentes días fueron gran variedad de peces divertido recomendar playas gran almuerzo parque tarde senderismo isla agua empezar sin decir acampar permitido ver a cualquiera bucear realmente interesante viaje a baja que vale la pena tomar,71,True,es,otro,,0
La Paz,,trip,,Me encantó el viaje por segunda vez. Buen buceo. Playa prístina. Agua clara. Vida salvaje. Cueva. Buen precio.,,me encantó el viaje por segunda vez buen buceo playa prístina agua clara vida salvaje cueva buen precio,18,True,es,otro,,0
La Paz,,trip,,Uno de los lugares hermosos que vale la pena visitar. El guía turístico adecuado hace que el recuerdo del día se olvide.,,uno de los lugares hermosos que vale la pena visitar el guía turístico adecuado hace que el recuerdo del día se olvide,22,False,es,es,hermoso vale pena visitar guía turístico adecuar recuerdo del olvidar,10
La Paz,,trip,,Lo más destacado de Baja Vacation increíble lugar especial nadé leones aprendí mucha historia isla islas circundantes vi piqueros de patas azules lugar especial fue espíritu giras en baja fantástica esperanza obtener visita,,lo más destacado de baja vacation increíble lugar especial nadé leones aprendí mucha historia isla islas circundantes vi piqueros de patas azules lugar especial fue espíritu giras en baja fantástica esperanza obtener visita,33,False,es,es,destacar baja vacation increíble especial nadar león aprender historia isla isla circundante piqueros pata azular especial espíritu gira baja fantástico esperanza obtener visita,23
La Paz,,trip,,mucho ver isla viaje de aventura real bucear un par de días bucear alrededor de una isla desierta ya hace calor bote océano nosotros en el camino vi vainas delfines pareja viajes de ballenas de aleta varios sitios de buceo ubicados alrededor de la isla los leones nos visitaron pareja de inmersiones temperatura del agua visibilidad experimentado fuertes corrientes tiempos,,mucho ver isla viaje de aventura real bucear un par de días bucear alrededor de una isla desierta ya hace calor bote océano nosotros en el camino vi vainas delfines pareja viajes de ballenas de aleta varios sitios de buceo ubicados alrededor de la isla los leones nos visitaron pareja de inmersiones temperatura del agua visibilidad experimentado fuertes corrientes tiempos,60,False,es,es,ver isla viaje aventura real bucear par bucear alrededor isla desierto calor bote océano camino vaina delfín pareja viaje ballena aleta varios sitio buceo ubicar alrededor isla león visitar pareja inmersión temperatura del agua visibilidad experimentar fuerte corriente tiempo,39
La Paz,,trip,,por persona playa paseo en bote isla tours usados ​​ver mobula delfines hacer snorkel leones visitar cueva almorzar hermosa playa ir feliz,,por persona playa paseo en bote isla tours usados ver mobula delfines hacer snorkel leones visitar cueva almorzar hermosa playa ir feliz,22,False,es,es,persona playa paseo bote isla tour usarse ver mobula delfín snorkel león visitar cueva almorzar hermoso playa feliz,18
La Paz,,trip,,días noches kayak snorkeling caminatas camping cactus piqueros de patas azules leones delfines como,,días noches kayak snorkeling caminatas camping cactus piqueros de patas azules leones delfines como,14,False,es,es,noche kayak snorkeling caminata camping cactus piqueros pata azular león delfín,11
La Paz,,trip,,ecosistema alrededor de isla espíritu área de santo paz islas protegidas flora fauna especies especialmente islas de agua cerca de la mano vida silvestre protegida vida vegetal,,ecosistema alrededor de isla espíritu área de santo paz islas protegidas flora fauna especies especialmente islas de agua cerca de la mano vida silvestre protegida vida vegetal,27,False,es,es,ecosistema alrededor isla espíritu área santo paz isla protegido flora fauna especie especialmente isla agua cerca mano vida silvestre protegido vida vegetal,22
La Paz,,trip,,"Leones nadadores destacan la excursión de un día. El guía turístico proporcionó información interesante durante todo el viaje, brindando detalles. Varias aves. Piqueros de patas azules. Fragatas. Pelícanos. Formaciones rocosas que nos cuentan la historia. Varias islas. Recién hechas. Excelente.",,leones nadadores destacan la excursión de un día el guía turístico proporcionó información interesante durante todo el viaje brindando detalles varias aves piqueros de patas azules fragatas pelícanos formaciones rocosas que nos cuentan la historia varias islas recién hechas excelente,40,False,es,es,león nadador destacar excursión guía turístico proporcionar información interesante viaje brindar detalle variar ave piqueros pata azular fragata pelícano formación rocoso contar historia variar isla recién hacer excelente,28
La Paz,,trip,,bonitas playas agua esperaría encontrar agua diferentes partes diferentes isla nadar leones bucear arrecifes de coral,,bonitas playas agua esperaría encontrar agua diferentes partes diferentes isla nadar leones bucear arrecifes de coral,16,False,es,es,bonito playa agua esperar encontrar agua diferente diferente isla nadar león bucear arrecife coral,14
La Paz,,trip,,obtuve un charter privado vaya a visitar la isla espíritu santo hecho día frío ventoso recomendado siga adelante terminó completamente mojado al menos dos horas conduciendo olas viento agua podría tolerar más tiempo acercarse a la playa llamada playa de belleza se sintió mejor santo visitar primavera horario de verano,,obtuve un charter privado vaya a visitar la isla espíritu santo hecho día frío ventoso recomendado siga adelante terminó completamente mojado al menos dos horas conduciendo olas viento agua podría tolerar más tiempo acercarse a la playa llamada playa de belleza se sintió mejor santo visitar primavera horario de verano,50,False,es,es,obtener charter privado vaya visitar isla espíritu santo frío ventoso recomendado seguir adelantar terminar completamente mojar hora conducir ola viento agua poder tolerar tiempo acercarse playa llamada playa belleza sentir mejor santo visitar primavera horario verano,36
La Paz,,trip,,tómate tu tiempo crucero bahías visita diferentes partes isla visita isla ver mucho tiempo tiempo simplemente diferente bahía ensenada focas en abundancia islotes snorkel isla de peces playa desierta,,tómate tu tiempo crucero bahías visita diferentes partes isla visita isla ver mucho tiempo tiempo simplemente diferente bahía ensenada focas en abundancia islotes snorkel isla de peces playa desierta,29,False,es,es,tómate tiempo crucero bahía visita diferente isla visita isla ver tiempo tiempo simplemente diferente bahía ensenada foca abundancia islote snorkel isla pecar playa desierto,24
La Paz,,trip,,"visite la isla, un lugar hermoso y único que vale la pena visitar, realice un recorrido de día completo, disfrute plenamente del tiempo, ofrezca campamentos, viajes en kayak, también aventuras",,visite la isla un lugar hermoso y único que vale la pena visitar realice un recorrido de día completo disfrute plenamente del tiempo ofrezca campamentos viajes en kayak también aventuras,30,False,es,es,visitar isla hermoso único vale pena visitar realizar recorrido completo disfrute plenamente del tiempo ofrecer campamento viaje kayak aventura,19
La Paz,,trip,,Destacar el barco de baja aventura alrededor de la isla viendo tiburones ballena volando,,destacar el barco de baja aventura alrededor de la isla viendo tiburones ballena volando,14,False,es,es,destacar barco baja aventura alrededor isla ver tiburón ballena volar,10
La Paz,,trip,,isla visitada espíritu santo compañía última palabra hermosa isla alguna vez contraste desierto aguas color turquesa extraordinaria diversidad la vida hace que el lugar sea especial,,isla visitada espíritu santo compañía última palabra hermosa isla alguna vez contraste desierto aguas color turquesa extraordinaria diversidad la vida hace que el lugar sea especial,26,False,es,es,isla visitar espíritu santo compañía último palabra hermoso isla alguno contraste desierto agua color turquesa extraordinario diversidad vida sea especial,20
La Paz,,trip,,agua clara y cálida excelente snorkeling kayak hermosas noches acampar hermosas playas estrellas,,agua clara y cálida excelente snorkeling kayak hermosas noches acampar hermosas playas estrellas,13,False,otro,es,agua clara cálido excelente snorkeling kayak hermoso noche acampar hermoso playa estrella,12
La Paz,,trip,,uno viajes interesantes hecho marido anclado velero medio debe medio espíritu santo isla baja quieta noche pensamiento aguas poco profundas vino océano miles de estrellas nosotros todavía océano miró interminable medio cielo marido dijo mano moverse cientos pequeñas criaturas comenzó nosotros maravilloso tranquilo noche lugar uno lugares interesantes tierra isla espíritu santo ubicado isla espíritu santo millas de distancia,,uno viajes interesantes hecho marido anclado velero medio debe medio espíritu santo isla baja quieta noche pensamiento aguas poco profundas vino océano miles de estrellas nosotros todavía océano miró interminable medio cielo marido dijo mano moverse cientos pequeñas criaturas comenzó nosotros maravilloso tranquilo noche lugar uno lugares interesantes tierra isla espíritu santo ubicado isla espíritu santo millas de distancia,59,False,es,es,viaje interesante marido anclar velero medio debe medio espíritu santo isla baja quietar noche pensamiento agua profundar vino océano mil estrella océano mirar interminable medio cielo marido decir mano moverse ciento pequeño criatura comenzar maravilloso tranquilo noche interesante tierra isla espíritu santo ubicar isla espíritu santo milla distancia,48
La Paz,,trip,,lugar memorable isla espíritu santo isla absolutamente hermosa playa impresionante agua clara alguna vez conseguí hacer snorkel leones botes pequeños saliendo de isla espíritu santo cerca paz poco viaje quedarse sin embargo definitivamente vale la pena,,lugar memorable isla espíritu santo isla absolutamente hermosa playa impresionante agua clara alguna vez conseguí hacer snorkel leones botes pequeños saliendo de isla espíritu santo cerca paz poco viaje quedarse sin embargo definitivamente vale la pena,36,False,es,es,memorable isla espíritu santo isla absolutamente hermoso playa impresionante agua clara alguno conseguir snorkel león bote pequeño salir isla espíritu santo cerca paz viaje quedarse embargo definitivamente vale pena,29
La Paz,,trip,,Hermosos paisajes y fácil paseo en kayak. Gran viaje. Recomiendo encarecidamente visitar la isla.,,hermosos paisajes y fácil paseo en kayak gran viaje recomiendo encarecidamente visitar la isla,14,False,es,es,hermoso paisaje fácil paseo kayak gran viaje recomendar encarecidamente visitar isla,11
La Paz,,trip,,isla día ventoso amor saber viento próximos tours me siento mal experiencia hay que ver incluso área que vale la pena un viaje de un día,,isla día ventoso amor saber viento próximos tours me siento mal experiencia hay que ver incluso área que vale la pena un viaje de un día,26,False,es,es,isla ventoso amor saber viento próximo tour sentar experiencia ver incluso área vale pena viaje,15
La Paz,,trip,,llévanos isla espíritu santo día kayak snorkel guía panga capitán gran equipo día asegurado equipo fabuloso almuerzo planificación del viaje día perfecto isla aspecto especial visitando paz,,llévanos isla espíritu santo día kayak snorkel guía panga capitán gran equipo día asegurado equipo fabuloso almuerzo planificación del viaje día perfecto isla aspecto especial visitando paz,27,False,es,es,llévanos isla espíritu santo kayak snorkel guía panga capitán gran equipo asegurado equipo fabuloso almuerzo planificación del viaje perfecto isla aspecto especial visitar paz,24
La Paz,,trip,,marino protegido recorrido firmado nadar leones amigable toque juguetón mal preguntado sin embargo conseguir isla colonia de leones vive literalmente jugando cachorros uno destaca viaje colonia muchos depredadores nosotros los humanos parecemos tomar jugando con nosotros cachorros curiosos adultos juguetones nos toleran muy divertido recorridos guiados biólogo marino los leones saben nadar juntos jugar con nosotros uno seguía tirando del traje de neopreno con los brazos alrededor del frente nosotros podía acariciar bastante bucear realmente bueno libro de almuerzo en la playa gran recorrido de un día,,marino protegido recorrido firmado nadar leones amigable toque juguetón mal preguntado sin embargo conseguir isla colonia de leones vive literalmente jugando cachorros uno destaca viaje colonia muchos depredadores nosotros los humanos parecemos tomar jugando con nosotros cachorros curiosos adultos juguetones nos toleran muy divertido recorridos guiados biólogo marino los leones saben nadar juntos jugar con nosotros uno seguía tirando del traje de neopreno con los brazos alrededor del frente nosotros podía acariciar bastante bucear realmente bueno libro de almuerzo en la playa gran recorrido de un día,87,False,es,es,marino protegido recorrido firmar nadar león amigable toque juguetón preguntar embargo conseguir isla colonia león vivar literalmente jugar cachorro destacar viaje colonia depredador humano parecer tomar jugar cachorro curioso adulto juguetón tolerar divertir recorrido guiado biólogo marino león saber nadar junto jugar seguir tirar del traje neopreno brazo alrededor del frente poder acariciar bucear realmente bueno libro almuerzo playa gran recorrido,61
La Paz,,trip,,viaje de un día largo isla espíritu santo almuerzo incluido hermosa playa snorkel leones algo joven interesado nosotros venga bien máscara dulce no puedo explicar la experiencia,,viaje de un día largo isla espíritu santo almuerzo incluido hermosa playa snorkel leones algo joven interesado nosotros venga bien máscara dulce no puedo explicar la experiencia,27,False,es,es,viaje largo isla espíritu santo almuerzo incluir hermoso playa snorkel león algo joven interesado vengar máscara dulce poder explicar experiencia,20
La Paz,,trip,,experiencias de viaje de un día largo tiburones ballena manadas delfines rayas mobula leones peces de arrecife hacen que el viaje valga la pena,,experiencias de viaje de un día largo tiburones ballena manadas delfines rayas mobula leones peces de arrecife hacen que el viaje valga la pena,24,False,es,es,experiencia viaje largo tiburón ballena manada delfín raya mobula león pecar arrecife hacer viaje valer pena,16
La Paz,,trip,,tómese el tiempo cabeza isla isla espíritu hermoso gran buceo sitios de snorkel snorkel leones vi pescado remo en kayak gran plan de día regreso durante la noche viaje de campamento isla,,tómese el tiempo cabeza isla isla espíritu hermoso gran buceo sitios de snorkel snorkel leones vi pescado remo en kayak gran plan de día regreso durante la noche viaje de campamento isla,32,False,es,es,tómese tiempo cabeza isla isla espíritu hermoso gran buceo sitio snorkel snorkel león pescado remo kayak gran plan regreso noche viaje campamento isla,23
La Paz,,trip,,"Increíble viaje de un día que comenzó un viaje de un minuto en un bote pequeño, la isla fue a bucear con leones por todas partes a nuestro alrededor, también un excelente lugar para bucear tomó una playa, una isla más pequeña, el siguiente almuerzo en espíritu santo fue a bucear por segunda vez, vi tortugas regresando en general, un gran viaje de un día, siempre quiero traer precios pesos por persona.",,increíble viaje de un día que comenzó un viaje de un minuto en un bote pequeño la isla fue a bucear con leones por todas partes a nuestro alrededor también un excelente lugar para bucear tomó una playa una isla más pequeña el siguiente almuerzo en espíritu santo fue a bucear por segunda vez vi tortugas regresando en general un gran viaje de un día siempre quiero traer precios pesos por persona,72,True,es,otro,,0
La Paz,,trip,,focas divertidas nadar a todos hermoso pez sorpresa azul nunca visto increíble viendo focas comer genial limpio almuerzo en barco en realidad la mejor semana de comida ciudad diciendo lote desde mucho gran valor dinero guía hecho viaje divertido mejor,,focas divertidas nadar a todos hermoso pez sorpresa azul nunca visto increíble viendo focas comer genial limpio almuerzo en barco en realidad la mejor semana de comida ciudad diciendo lote desde mucho gran valor dinero guía hecho viaje divertido mejor,40,False,es,es,foca divertir nadar hermoso pez sorpresa azul vestir increíble ver foca comer genial limpio almuerzo barco realidad mejor semana comida ciudad decir lote gran valor dinero guía viaje divertir mejor,30
La Paz,,trip,,viaje esposa reservado aventuras sitio de snorkel viendo agradable viaje parada playa hermosa arena blanca próxima colonia de aves punta de snorkel isla leones guay regreso detenido otro aislado isla junto a la playa excelente almuerzo proporcionado guías snorkel agua azul clara comenzó regreso nadar ballenas jorobadas manada de delfines excelente relación calidad-precio diversión niños,,viaje esposa reservado aventuras sitio de snorkel viendo agradable viaje parada playa hermosa arena blanca próxima colonia de aves punta de snorkel isla leones guay regreso detenido otro aislado isla junto a la playa excelente almuerzo proporcionado guías snorkel agua azul clara comenzó regreso nadar ballenas jorobadas manada de delfines excelente relación calidad precio diversión niños,56,True,es,otro,,0
La Paz,,trip,,hicimos un recorrido por la isla espíritu santo espíritu baja vale la pena cada necesidad experiencia de todo el día los chicos de la isla explicaron todo formaciones rocosas historia flora fauna leones peces bucearon leones también bucearon lugares bueno fue aislado sin decir cada playa isla aislada maravilloso ceviche almuerzo nadó el agua más clara debe ir,,hicimos un recorrido por la isla espíritu santo espíritu baja vale la pena cada necesidad experiencia de todo el día los chicos de la isla explicaron todo formaciones rocosas historia flora fauna leones peces bucearon leones también bucearon lugares bueno fue aislado sin decir cada playa isla aislada maravilloso ceviche almuerzo nadó el agua más clara debe ir,58,False,es,es,hacer recorrido isla espíritu santo espíritu baja vale pena necesidad experiencia chico isla explicar formación rocoso historia flora fauna león pecar bucear león bucear bueno aislar decir playa isla aislar maravilloso ceviche almuerzo nadar agua clara debe,37
La Paz,,trip,,fuimos amigos día de salida aventura nadamos leones cachorros vimos muchos delfines disfrutamos de calas solitarias recorrido comimos buscando agua azul cristalina alrededor de un día largo y agradable recomendaría a cualquiera que venga paz,,fuimos amigos día de salida aventura nadamos leones cachorros vimos muchos delfines disfrutamos de calas solitarias recorrido comimos buscando agua azul cristalina alrededor de un día largo y agradable recomendaría a cualquiera que venga paz,35,False,es,es,ir amigo salida aventura nadar león cachorro ver delfín disfrutar cala solitaria recorrido comer buscar agua azul cristalino alrededor largo agradable recomendar cualquiera vengar paz,25
La Paz,,trip,,lugar increíble gran vida silvestre incluso en temporada baja ballenas leones leones divertidos calas juguetonas lugares de oferta de isla picnic con snorkel incluso snorkel en la playa pequeños arrecifes de coral lugar pez tropical agua estancada,,lugar increíble gran vida silvestre incluso en temporada baja ballenas leones leones divertidos calas juguetonas lugares de oferta de isla picnic con snorkel incluso snorkel en la playa pequeños arrecifes de coral lugar pez tropical agua estancada,37,True,es,otro,,0
La Paz,,trip,,tomó dos excursiones de un día diferentes día de isla espíritu santo experiencia diferente un día cientos de delfines acompañados barco nadó dos playas diferentes lugar diurno pies azules pájaros viven bien invierno tiburones ballena ballenas alrededor plan de regreso isla espíritu santo extremadamente paisaje desértico claro esmeralda turquesa aguas cálidas bahías señorita,,tomó dos excursiones de un día diferentes día de isla espíritu santo experiencia diferente un día cientos de delfines acompañados barco nadó dos playas diferentes lugar diurno pies azules pájaros viven bien invierno tiburones ballena ballenas alrededor plan de regreso isla espíritu santo extremadamente paisaje desértico claro esmeralda turquesa aguas cálidas bahías señorita,53,False,es,es,tomar excursión diferente isla espíritu santo experiencia diferente ciento delfín acompañar barco nadar playa diferente diurno pie azular pájaro vivar invierno tiburón ballena ballena alrededor plan regreso isla espíritu santo extremadamente paisaje desértico claro esmeralda turquesa agua cálido bahía señorito,40
La Paz,,trip,,tomó baja diversión nado viaje de leones excursión fantástica paseo en bote de una hora colonia impresionante leones nadando seguridad haciendo una experiencia excelente practicamos snorkel kayak almuerzo recién preparado playa aislada increíble,,tomó baja diversión nado viaje de leones excursión fantástica paseo en bote de una hora colonia impresionante leones nadando seguridad haciendo una experiencia excelente practicamos snorkel kayak almuerzo recién preparado playa aislada increíble,33,False,es,es,tomar baja diversión nadar viaje león excursión fantástico paseo bote hora colonia impresionante león nadar seguridad hacendar experiencia excelente practicar snorkel kayak almuerzo recién preparado playa aislar increíble,28
La Paz,,trip,,maravillosa joya ecológica isla reserva de la biosfera protegida accesible paseo en barco condujo paz barco alquilado local maravilloso snorkeling natación leones delfines siguiendo barco jugando al lado del barco viaje absolutamente pedacito paraíso,,maravillosa joya ecológica isla reserva de la biosfera protegida accesible paseo en barco condujo paz barco alquilado local maravilloso snorkeling natación leones delfines siguiendo barco jugando al lado del barco viaje absolutamente pedacito paraíso,34,False,es,es,maravilloso joya ecológico isla reserva biosfera protegido accesible paseo barco conducir paz barco alquilar local maravilloso snorkeling natación león delfín seguir barco jugar lado del barco viaje absolutamente pedacito paraíso,30
La Paz,,trip,,visita guiada de gran valor hora vio colonia de leones varias islas hermosas formaciones rocosas agua temprano pies visibilidad agua verano dijo pies visibilidad agua fría incluso trajes de neopreno pasaron horas problema de agua,,visita guiada de gran valor hora vio colonia de leones varias islas hermosas formaciones rocosas agua temprano pies visibilidad agua verano dijo pies visibilidad agua fría incluso trajes de neopreno pasaron horas problema de agua,35,False,es,es,visita guiar gran valor hora ver colonia león variar isla hermoso formación rocoso agua temprano pie visibilidad agua verano decir pie visibilidad agua frío incluso traje neopreno pasar hora problema agua,31
La Paz,,trip,,Me encantó la experiencia de nadar en una colonia de leones. Un hermoso joven macho fue besado sin marido.,,me encantó la experiencia de nadar en una colonia de leones un hermoso joven macho fue besado sin marido,19,False,es,es,encantar experiencia nadar colonia león hermoso joven macho besar marido,10
La Paz,,trip,,isla joya playas desiertas calas formaciones increíbles aguas cristalinas excepto la temporada natural tiene lugar temperatura del agua invierno fresco verano caluroso visibilidad bucear increíbles bahías claras cerca de los islotes los peces pueden ser capturados durante todo el año pueden sorprender bancos gigantes ballenas delfines aleta azul olvidar a cualquiera visto años fragatas piqueros de patas azules especies fabulosas pequeñas cuevas a lo largo de hermosas bahías incluso las tortugas pueden definitivamente ser el mejor turista paz se olvidó de los islotes de la reserva del león,,isla joya playas desiertas calas formaciones increíbles aguas cristalinas excepto la temporada natural tiene lugar temperatura del agua invierno fresco verano caluroso visibilidad bucear increíbles bahías claras cerca de los islotes los peces pueden ser capturados durante todo el año pueden sorprender bancos gigantes ballenas delfines aleta azul olvidar a cualquiera visto años fragatas piqueros de patas azules especies fabulosas pequeñas cuevas a lo largo de hermosas bahías incluso las tortugas pueden definitivamente ser el mejor turista paz se olvidó de los islotes de la reserva del león,88,False,es,es,isla joya playa desierto cala formación increíble agua cristalino excepto temporada natural temperatura del agua invierno fresco verano caluroso visibilidad bucear increíble bahía clara cerca islote pecar poder capturar poder sorprender banco gigante ballena delfín aleta azul olvidar cualquiera vestir fragata piqueros pata azular especie fabuloso pequeño cueva largo hermoso bahía incluso tortuga poder definitivamente mejor turista paz olvidar islote reserva del león,63
La Paz,,trip,,fue divertido baja nadar snorkel leones isla espíritu santo experiencia increíble alguna vez los leones de agua vinieron paseando a nuestro alrededor tratando de revisarnos dejó caer agua un leon bebé decidió guía de mano totalmente impresionado afortunado ver pareja de ballenas jorobadas cerca de la isla pozo emocionante ver soplar aire a través de la superficie del agua buceo espectáculo aéreo divertido baja también nos llevó almuerzo en la isla mejor pescado fresco recién hecho servido carpa bahía agua prístina bahía entera kayak remo relajante vida fría soltarse,,fue divertido baja nadar snorkel leones isla espíritu santo experiencia increíble alguna vez los leones de agua vinieron paseando a nuestro alrededor tratando de revisarnos dejó caer agua un leon bebé decidió guía de mano totalmente impresionado afortunado ver pareja de ballenas jorobadas cerca de la isla pozo emocionante ver soplar aire a través de la superficie del agua buceo espectáculo aéreo divertido baja también nos llevó almuerzo en la isla mejor pescado fresco recién hecho servido carpa bahía agua prístina bahía entera kayak remo relajante vida fría soltarse,89,False,es,es,divertir baja nadar snorkel león isla espíritu santo experiencia increíble alguno león agua venir pasear alrededor tratar revisarnos dejar caer agua leon bebé decidir guía mano totalmente impresionar afortunado ver pareja ballena jorobado cerca isla pozo emocionante ver soplar aire través superficie del agua buceo espectáculo aéreo divertir baja llevar almuerzo isla mejor pescado fresco recién servir carpa bahía agua prístino bahía enterar kayak remo relajante vida frío soltarse,69
La Paz,,trip,,decir anterior correcto viaje reservado islas dejadas alrededor de la mañana capitán guía muy divertido miedo haría el recorrido sorprendido se aseguró de que la sierra podría ir camino parar mostrarnos cosas diferentes vi mucho delfines focas aves ir extrañar muy recomendable,,decir anterior correcto viaje reservado islas dejadas alrededor de la mañana capitán guía muy divertido miedo haría el recorrido sorprendido se aseguró de que la sierra podría ir camino parar mostrarnos cosas diferentes vi mucho delfines focas aves ir extrañar muy recomendable,42,False,es,es,decir anterior correcto viaje reservado isla dejada alrededor mañana capitán guía divertir miedo hacer recorrido sorprender asegurar sierra poder camino parar mostrarnos diferente delfín foca ave extrañar recomendable,28
La Paz,,trip,,espíritu baja ubicado paz malecón organizar varios tours eligió snorkel isla santo agradable tour organizado bien elegir hotel camioneta oficina hacer elegir vestir equipo de snorkel no dar todo lo necesario día poco ventoso nos aseguró más tarde mañana la calma llegó primero área de leones nos llevó área de snorkel acérquese leones bebé amado también muchos peces nos llevaron almuerzo en la playa buen tiempo de almuerzo relajarse disfrutar playa nadar dormir arena capitán chico se quedó con nosotros día agradable servicial tipo altamente recomiendo elegir quiere disfrutar paz,,espíritu baja ubicado paz malecón organizar varios tours eligió snorkel isla santo agradable tour organizado bien elegir hotel camioneta oficina hacer elegir vestir equipo de snorkel no dar todo lo necesario día poco ventoso nos aseguró más tarde mañana la calma llegó primero área de leones nos llevó área de snorkel acérquese leones bebé amado también muchos peces nos llevaron almuerzo en la playa buen tiempo de almuerzo relajarse disfrutar playa nadar dormir arena capitán chico se quedó con nosotros día agradable servicial tipo altamente recomiendo elegir quiere disfrutar paz,90,False,es,es,espíritu baja ubicar paz malecón organizar varios tour eligir snorkel isla santo agradable tour organizar elegir hotel camioneta oficina elegir vestir equipo snorkel dar necesario ventoso asegurar tarde mañana calma llegar primero área león llevar área snorkel acercarse león bebé amado pecar llevar almuerzo playa bueno tiempo almuerzo relajarse disfrutar playa nadar dormir arena capitán chico quedar agradable servicial altamente recomendar elegir querer disfrutar paz,65
La Paz,,trip,,uno hermosas experiencias vida animales salvajes encantador picnic maravilloso relajante colores sueño hecho realidad,,uno hermosas experiencias vida animales salvajes encantador picnic maravilloso relajante colores sueño hecho realidad,14,False,otro,es,hermoso experiencia vida animal salvaje encantador picnic maravilloso relajante colorar sueño realidad,12
La Paz,,trip,,fui a hacer snorkel tour nadé cachorros de leones vi bucear peces pequeños muchos peces tropicales coloridos cachorros de leones curioso ven a la derecha incluso yendo lejos brazos piernas comprobar lo suficientemente afortunado biólogo marino a lo largo conocimiento vida geología flora realmente viaje agregado,,fui a hacer snorkel tour nadé cachorros de leones vi bucear peces pequeños muchos peces tropicales coloridos cachorros de leones curioso ven a la derecha incluso yendo lejos brazos piernas comprobar lo suficientemente afortunado biólogo marino a lo largo conocimiento vida geología flora realmente viaje agregado,46,False,es,es,ir snorkel tour nadar cachorro león bucear pecar pequeño pecar tropical colorido cachorro león curioso ver derecha incluso ir lejos brazo pierna comprobar suficientemente afortunado biólogo marino largo conocimiento vida geología flora realmente viaje agregado,35
La Paz,,trip,,"A todos les encanta el lugar, obviamente, un poco de consejo, aunque seco, completamente, regresando, fresco, ventoso, frío, final del viaje.",,a todos les encanta el lugar obviamente un poco de consejo aunque seco completamente regresando fresco ventoso frío final del viaje,21,False,es,es,encantar obviamente consejo seco completamente regresar fresco ventoso frío final del viaje,12
La Paz,,trip,,hermoso día en la isla viaje en kayak muchos incluso un día de caminata pesca playa,,hermoso día en la isla viaje en kayak muchos incluso un día de caminata pesca playa,16,False,es,es,hermoso isla viaje kayak incluso caminata pesca playa,8
La Paz,,trip,,"Tuve suerte, ayuda, agradable, turista, malecón, recorrido en el último minuto, una mañana, conocí al grupo, playa, fuimos a la isla, guía nos mostró varias cuevas interesantes, interesantes, la isla, en realidad, entró en el bote, saltó, nadó, jugó numerosos leones, punta, isla, un león, interactuó, extremadamente curioso, juguetón, intentó tomar aletas, súper lindo, se detuvo, hermosa, pequeña playa, agua, arena clara, suave, agradable, nado, pelícanos, buceo, maravilloso almuerzo, nosotros, pescado, ceviche, bebidas, suficiente, uno, snorkel, camino de regreso, cheque, coral, guía de peces, encontrado, atrapado, toque, hermosa manera, pasar el día, realmente tuvo buen cuidado, nosotros sentimos que nos arrepentimos, fue a la derecha, playa, preguntar",,tuve suerte ayuda agradable turista malecón recorrido en el último minuto una mañana conocí al grupo playa fuimos a la isla guía nos mostró varias cuevas interesantes interesantes la isla en realidad entró en el bote saltó nadó jugó numerosos leones punta isla un león interactuó extremadamente curioso juguetón intentó tomar aletas súper lindo se detuvo hermosa pequeña playa agua arena clara suave agradable nado pelícanos buceo maravilloso almuerzo nosotros pescado ceviche bebidas suficiente uno snorkel camino de regreso cheque coral guía de peces encontrado atrapado toque hermosa manera pasar el día realmente tuvo buen cuidado nosotros sentimos que nos arrepentimos fue a la derecha playa preguntar,107,False,es,es,tener suerte ayuda agradable turista malecón recorrido último minuto mañana conocer grupo playa ir isla guía mostrar variar cueva interesante interesante isla realidad entrar bote saltar nadar jugar numeroso león punta isla león interactuar extremadamente curioso juguetón intentar tomar aleta súper lindo detener hermoso pequeño playa agua arena clara suave agradable nadar pelícano buceo maravilloso almuerzo pescado ceviche bebida suficiente snorkel camino regreso cheque coral guía pecar encontrar atrapar toque hermoso pasar realmente tener bueno cuidado sentir arrepentir derecha playa preguntar,81
La Paz,,trip,,Santuario extraordinario Guías autorizados Hermosas vistas de la vida Paseo en barco Pequeño viaje imprescindible,,santuario extraordinario guías autorizados hermosas vistas de la vida paseo en barco pequeño viaje imprescindible,15,False,es,es,santuario extraordinario guía autorizar hermoso vista vida paseo barco pequeño viaje imprescindible,12
La Paz,,trip,,"Una experiencia increíble, leones, especialmente el arco de natación, también les encantaron los corales.",,una experiencia increíble leones especialmente el arco de natación también les encantaron los corales,14,False,es,es,experiencia increíble león especialmente arco natación encantar coral,8
La Paz,,trip,,viaje de buceo reservado divertido baja paz buen negocio paloma colonia de leones bucear cerca del almuerzo inmersiones en la isla bueno espectacular agua verde medio lote problemas agua fresco verde año probablemente mejor año posterior almuerzo en la playa fantástico,,viaje de buceo reservado divertido baja paz buen negocio paloma colonia de leones bucear cerca del almuerzo inmersiones en la isla bueno espectacular agua verde medio lote problemas agua fresco verde año probablemente mejor año posterior almuerzo en la playa fantástico,41,False,es,es,viaje buceo reservado divertir baja paz bueno negocio paloma colonia león bucear cerca del almuerzo inmersión isla bueno espectacular agua verde medio lote problema agua fresco verde probablemente mejor posterior almuerzo playa fantástico,33
La Paz,,trip,,arena blanca agua hermosa azul turquesa,,arena blanca agua hermosa azul turquesa,6,False,otro,es,arena blanco agua hermoso azul turquesa,6
La Paz,,trip,,debe recorrer muchas horas de distancia absolutamente impresionante capaz de ver leones hábitat natural proporcionado historia isla realmente espectacular terminó intacto playa remota agua cristalina agua relajante fue regresó debido caliente recorrido hecho recorridos nosotros extremadamente amable recomendaría a todos,,debe recorrer muchas horas de distancia absolutamente impresionante capaz de ver leones hábitat natural proporcionado historia isla realmente espectacular terminó intacto playa remota agua cristalina agua relajante fue regresó debido caliente recorrido hecho recorridos nosotros extremadamente amable recomendaría a todos,40,False,es,es,debe recorrer hora distancia absolutamente impresionante capaz ver león hábitat natural proporcionar historia isla realmente espectacular terminar intacto playa remoto agua cristalino agua relajante regresar deber caliente recorrido recorrido extremadamente amable recomendar,32
La Paz,,trip,,gran día de viaje en barco hermosa experiencia de vida nadar leones enormes y agradables,,gran día de viaje en barco hermosa experiencia de vida nadar leones enormes y agradables,15,False,es,es,gran viaje barco hermoso experiencia vida nadar león enorme agradable,10
La Paz,,trip,,bucear leones cosa emocionante amado,,bucear leones cosa emocionante amado,5,False,otro,es,bucear león emocionante amado,4
La Paz,,trip,,isla interesantes formaciones rocosas colores únicos agradables áreas de playa aisladas explorar vista memorable consejo sonido de la isla ladrando leones se acercó capaz bucear nadar anclado realmente disfruté sin duda volvería,,isla interesantes formaciones rocosas colores únicos agradables áreas de playa aisladas explorar vista memorable consejo sonido de la isla ladrando leones se acercó capaz bucear nadar anclado realmente disfruté sin duda volvería,32,False,es,es,isla interesante formación rocoso colorar único agradable área playa aislar explorar vista memorable consejo sonido isla ladrar león acercar capaz bucear nadar anclar realmente disfrutar duda volverse,27
La Paz,,trip,,isla nadando cachorros de leones siempre salvajes,,isla nadando cachorros de leones siempre salvajes,7,False,es,es,isla nadar cachorro león salvaje,5
La Paz,,trip,,vi ballenas de aleta tiburón ballena cientos de delfines mantarrayas nadé leones mencione fragatas una experiencia absolutamente increíble,,vi ballenas de aleta tiburón ballena cientos de delfines mantarrayas nadé leones mencione fragatas una experiencia absolutamente increíble,18,False,es,es,ballena aleta tiburón ballena ciento delfín mantarrayas nadar león mencionar fragata experiencia absolutamente increíble,14
La Paz,,trip,,hizo arreglos con nosotros visita isla espíritu baja recorridos toda la experiencia mágica buen clima poco viento agua fría compañía de viajes proporcionó trajes de neopreno bien equipo de snorkel aletas primera parada hermosa playa mirar alrededor obviamente primer día del ser humano guía turístico de la isla dio detalles bien informados flora fauna colonia de leones saltó nadar cachorros amor jugar se acercó lo suficiente toque fue hermosa playa de arena blanca almuerzo ceviche bebidas frescas pescado entre rocas emocionante balancín arena alguna vez visto sabía que le encantaría traer a casa viaje de regreso emocionante escuela delfines nadaron alrededor de nosotros barco gran día mostrándonos buen momento,,hizo arreglos con nosotros visita isla espíritu baja recorridos toda la experiencia mágica buen clima poco viento agua fría compañía de viajes proporcionó trajes de neopreno bien equipo de snorkel aletas primera parada hermosa playa mirar alrededor obviamente primer día del ser humano guía turístico de la isla dio detalles bien informados flora fauna colonia de leones saltó nadar cachorros amor jugar se acercó lo suficiente toque fue hermosa playa de arena blanca almuerzo ceviche bebidas frescas pescado entre rocas emocionante balancín arena alguna vez visto sabía que le encantaría traer a casa viaje de regreso emocionante escuela delfines nadaron alrededor de nosotros barco gran día mostrándonos buen momento,109,False,es,es,hacer arreglo visita isla espíritu baja recorrido experiencia mágico bueno clima viento agua frío compañía viaje proporcionar traje neopreno equipo snorkel aleta parada hermoso playa mirar alrededor obviamente del humano guía turístico isla dar detalle informar flora fauna colonia león saltar nadar cachorro amor jugar acercar suficiente toque hermoso playa arena blanco almuerzo ceviche bebida fresco pescado roca emocionante balancín arena alguno vestir saber encantar traer casa viaje regreso emocionante escuela delfín nadar alrededor barco gran mostrándonos bueno,78
La Paz,,trip,,el barco vio mantarrayas nadando a nuestro alrededor una paloma tomó fotografías de una tortuga jamás vista,,el barco vio mantarrayas nadando a nuestro alrededor una paloma tomó fotografías de una tortuga jamás vista,17,False,es,es,barco ver mantarrayas nadar alrededor paloma tomar fotografía tortuga vista,10
La Paz,,trip,,nadar leones fantástico inolvidable lotes peces tropicales hacer snorkel paseo en barco agua larga fría preguntar traje de neopreno dijo visitar calentador de agua verificar elegir operador asegúrese también baño del barco proporcionar comida también probablemente decir hizo el recorrido sin operador realmente genial viaje hacer snorkel buceo,,nadar leones fantástico inolvidable lotes peces tropicales hacer snorkel paseo en barco agua larga fría preguntar traje de neopreno dijo visitar calentador de agua verificar elegir operador asegúrese también baño del barco proporcionar comida también probablemente decir hizo el recorrido sin operador realmente genial viaje hacer snorkel buceo,48,False,es,es,nadar león fantástico inolvidable lote pecar tropical snorkel paseo barco agua larga frío preguntar traje neopreno decir visitar calentador agua verificar elegir operador asegúrese baño del barco proporcionar comida probablemente decir hacer recorrido operador realmente genial viaje snorkel buceo,39
La Paz,,trip,,hermosa isla ver barco área protegida arrecifes de coral que rodean increíble cristalino,,hermosa isla ver barco área protegida arrecifes de coral que rodean increíble cristalino,13,False,es,es,hermoso isla ver barco área protegido arrecife coral rodear increíble cristalino,11
La Paz,,trip,,recorrido espíritu santo isla compañía de viajes excelente experiencia gubernamental natación leones biólogo marino nos dijo incluir lejos buzos decidido intentar llegar muchos botes área buzos buceadores cachorro joven tratando de conseguir bote conductor de bote de remos agua preguntó guía muchos tiempo permitido gente una vez buceó en agua guía de corto tiempo acercarse isla acercarse leones aparecieron frente un decidido mordisco lleno se tropezaría tirado hacia atrás traje de neopreno guía se acercó capaz también dijo minutos toma horas obtener pregunta la gente mostró animales,,recorrido espíritu santo isla compañía de viajes excelente experiencia gubernamental natación leones biólogo marino nos dijo incluir lejos buzos decidido intentar llegar muchos botes área buzos buceadores cachorro joven tratando de conseguir bote conductor de bote de remos agua preguntó guía muchos tiempo permitido gente una vez buceó en agua guía de corto tiempo acercarse isla acercarse leones aparecieron frente un decidido mordisco lleno se tropezaría tirado hacia atrás traje de neopreno guía se acercó capaz también dijo minutos toma horas obtener pregunta la gente mostró animales,87,False,es,es,recorrido espíritu santo isla compañía viaje excelente experiencia gubernamental natación león biólogo marino decir incluir lejos buzo decidir intentar llegar bote área buzo buceador cachorro joven tratar conseguir bote conductor bote remo agua preguntar guía tiempo permitir gente bucear agua guía corto tiempo acercarse isla acercarse león aparecer frente decidir mordisco lleno tropezar tirado atrás traje neopreno guía acercar capaz decir minuto toma hora obtener pregunta gente mostrar animal,69
La Paz,,trip,,increíble nadar leones isla espíritu santo recorridos turísticos me alegro de haber ido,,increíble nadar leones isla espíritu santo recorridos turísticos me alegro de haber ido,13,False,es,es,increíble nadar león isla espíritu santo recorrido turístico alegro ir,10
La Paz,,trip,,recorrido isla espíritu santo caminó oficina de turismo malecón paz camioneta escogida comenzar recorrido isla espíritu santo camioneta ya parada por completo recoger gente varios última fiesta minutos después camioneta tirada manejando malecón ciudad norte oficina de camioneta cheque espera corta chalecos salvavidas trajes de neopreno varias personas condujeron bote saliendo alrededor de la tabla gente guía comenzó a decirnos ir día viento recogiendo palo decidido costa occidental isla espíritu santo capitán se dirigió punta norte más allá ver leones primer viaje largo clima caliente ventoso bote norte parte del camino a través millas costa isla baja guías ballena lado derecho nosotros dirigiéndose capitán del bote aire agua soplado aire Vimos atrás a la ballena lentamente vista por última vez paloma guía nos informó que podría diez minutos la ballena continuaría viaje hacia el norte pasó agua rocosa piqueros colinas adelante vio barcos agua gente chalecos salvavidas saltó agua siguiendo guías hacia la costa rocosa pequeña isla llegó a casa leones llamados islotes españoles pequeña isla norte espíritu ir a las aguas de la isla cerca de la costa rocosa los leones llenos comenzaron a ladrar recogidos a lo largo de toda la costa punto todos comenzaron a sacar trajes de neopreno recogiendo máscaras equipo de snorkel provisto equipo personas sacaron equipo de buceo tanques de buceo estadía más larga agua superficial guía llamó a todos dieron corto podría agua grupo de leones se movió hacia el bote saltó guía de agua escogió pequeña vida resbaló agua primero uno un grupo hizo camino agua de regreso bote siguiendo guía hacia la costa los leones saliendo el guía se aseguró de que todos supieran que los leones podían juguetón poder chalecos salvavidas alrededor del grupo hecho sucedió cuatro leones nadaron bote siguieron al último grupo buceadores hacia la costa nadaron bastante cerca el grupo se acercó a la cueva el grupo siguió al guía uno detrás mirando con cabeza de pez guía de la cueva dentro de la orilla del bote el capitán observó el área de los botes movió el bote hacia los grupos terminaría minutos los grupos de agua comenzaron de regreso hacia el bote uno una historias león marino viendo diferentes tipos de peces todos el barco se dirigió hacia la isla espíritu pequeña cala la tabla del grupo se deslizó hacia atrás agua a lo largo del arrecife de coral los peces nadaron a lo largo del área del arrecife casi llegaron a la playa llamado de regreso el capitán del barco alejó el barco de la isla nuevo sitio se detuvo minutos los buzos van al agua vieron burbujas regresando finalmente la tabla del grupo los buzos guías prepararon el almuerzo peces los buzos vinieron trajes de neopreno regresaron pronto el capitán se unió al grupo los delfines vieron por primera vez saltar alto en el aire lado izquierdo el capitán del barco giró el barco grandes olas de dos pies de alto casi los delfines comenzaron a saltar olas jugaron olas varios minutos se acercaron barco a ambos lados nadando lejos gran vista viaje ver leones hacer snorkel día completo esperar menos horas necesita chaqueta sombrero viento bote volver olvidar comer desayuno almuerzo en grupo viaje abundante trajes de neopreno ayudaron a mantener alejada el agua fría temperatura del agua mala natación día del leon nadar sin elegir todos bote usado trajes de neopreno guías conocedor historia formas de la isla los leones ven peces calas nos llamaron juntos varias veces decirnos focas entorno de la isla grupo de gente disfrutó sitios movidos en bote varios grupos se sentirían abandonados tour de un día punto completo ver de cerca agua ver saltar alto aire sin duda recomendaría tomarse el tiempo tomar el recorrido espíritu excursiones a la isla ven paz,,recorrido isla espíritu santo caminó oficina de turismo malecón paz camioneta escogida comenzar recorrido isla espíritu santo camioneta ya parada por completo recoger gente varios última fiesta minutos después camioneta tirada manejando malecón ciudad norte oficina de camioneta cheque espera corta chalecos salvavidas trajes de neopreno varias personas condujeron bote saliendo alrededor de la tabla gente guía comenzó a decirnos ir día viento recogiendo palo decidido costa occidental isla espíritu santo capitán se dirigió punta norte más allá ver leones primer viaje largo clima caliente ventoso bote norte parte del camino a través millas costa isla baja guías ballena lado derecho nosotros dirigiéndose capitán del bote aire agua soplado aire vimos atrás a la ballena lentamente vista por última vez paloma guía nos informó que podría diez minutos la ballena continuaría viaje hacia el norte pasó agua rocosa piqueros colinas adelante vio barcos agua gente chalecos salvavidas saltó agua siguiendo guías hacia la costa rocosa pequeña isla llegó a casa leones llamados islotes españoles pequeña isla norte espíritu ir a las aguas de la isla cerca de la costa rocosa los leones llenos comenzaron a ladrar recogidos a lo largo de toda la costa punto todos comenzaron a sacar trajes de neopreno recogiendo máscaras equipo de snorkel provisto equipo personas sacaron equipo de buceo tanques de buceo estadía más larga agua superficial guía llamó a todos dieron corto podría agua grupo de leones se movió hacia el bote saltó guía de agua escogió pequeña vida resbaló agua primero uno un grupo hizo camino agua de regreso bote siguiendo guía hacia la costa los leones saliendo el guía se aseguró de que todos supieran que los leones podían juguetón poder chalecos salvavidas alrededor del grupo hecho sucedió cuatro leones nadaron bote siguieron al último grupo buceadores hacia la costa nadaron bastante cerca el grupo se acercó a la cueva el grupo siguió al guía uno detrás mirando con cabeza de pez guía de la cueva dentro de la orilla del bote el capitán observó el área de los botes movió el bote hacia los grupos terminaría minutos los grupos de agua comenzaron de regreso hacia el bote uno una historias león marino viendo diferentes tipos de peces todos el barco se dirigió hacia la isla espíritu pequeña cala la tabla del grupo se deslizó hacia atrás agua a lo largo del arrecife de coral los peces nadaron a lo largo del área del arrecife casi llegaron a la playa llamado de regreso el capitán del barco alejó el barco de la isla nuevo sitio se detuvo minutos los buzos van al agua vieron burbujas regresando finalmente la tabla del grupo los buzos guías prepararon el almuerzo peces los buzos vinieron trajes de neopreno regresaron pronto el capitán se unió al grupo los delfines vieron por primera vez saltar alto en el aire lado izquierdo el capitán del barco giró el barco grandes olas de dos pies de alto casi los delfines comenzaron a saltar olas jugaron olas varios minutos se acercaron barco a ambos lados nadando lejos gran vista viaje ver leones hacer snorkel día completo esperar menos horas necesita chaqueta sombrero viento bote volver olvidar comer desayuno almuerzo en grupo viaje abundante trajes de neopreno ayudaron a mantener alejada el agua fría temperatura del agua mala natación día del leon nadar sin elegir todos bote usado trajes de neopreno guías conocedor historia formas de la isla los leones ven peces calas nos llamaron juntos varias veces decirnos focas entorno de la isla grupo de gente disfrutó sitios movidos en bote varios grupos se sentirían abandonados tour de un día punto completo ver de cerca agua ver saltar alto aire sin duda recomendaría tomarse el tiempo tomar el recorrido espíritu excursiones a la isla ven paz,625,False,es,es,recorrido isla espíritu santo caminar oficina turismo malecón paz camioneta escoger comenzar recorrido isla espíritu santo camioneta parada completo recoger gente varios último fiesta minuto camioneta tirada manejar malecón ciudad norte oficina camioneta cheque espera corta chaleco salvavidas traje neopreno variar persona conducir bote salir alrededor tabla gente guía comenzar decirnos viento recoger palo decidir costa occidental isla espíritu santo capitán dirigir punta norte ver león viaje largo clima caliente ventoso bote norte del camino través milla costa isla baja guía ballena lado derecho dirigirse capitán del bote aire agua soplado aire ver atrás ballena lentamente vista último paloma guía informar poder diez minuto ballena continuar viaje norte pasar agua rocoso piqueros colina adelantar ver barco agua gente chaleco salvavidas saltar agua seguir guía costa rocoso pequeño isla llegar casa león llamado islote españolar pequeño isla norte espíritu agua isla cerca costa rocoso león lleno comenzar ladrar recoger largo costa punto comenzar sacar traje neopreno recoger máscara equipo snorkel proveer equipo persona sacar equipo buceo tanque buceo estadía larga agua superficial guía llamar dar corto poder agua grupo león mover bote saltar guía agua escoger pequeño vida resbalar agua primero grupo hacer camino agua regreso bote seguir guía costa león salir guía asegurar saber león poder juguetón poder chaleco salvavidas alrededor del grupo suceder león nadar bote seguir último grupo buceador costa nadar cerca grupo acercar cueva grupo seguir guía detrás mirar cabeza pez guía cueva dentrar orilla del bote capitán observar área bote mover bote grupo terminar minuto grupo agua comenzar regreso bote historia león marino ver diferente pecar barco dirigir isla espíritu pequeño cala tabla del grupo deslizar atrás agua largo del arrecife coral pecar nadar largo del área del arrecife llegar playa llamado regreso capitán del barco alejar barco isla nuevo sitio detener minuto buzo ir agua ver burbuja regresar finalmente tabla del grupo buzo guía preparar almuerzo pecar buzo venir traje neopreno regresar pronto capitán unir grupo delfín ver saltar alto aire lado izquierdo capitán del barco girar barco grande ola pie alto delfín comenzar saltar ola jugar ola varios minuto acercar barco ambos lado nadar lejos gran vista viaje ver león snorkel completo esperar hora necesitar chaqueta sombrero viento bote volver olvidar comer desayuno almuerzo grupo viaje abundante traje neopreno ayudar mantener alejar agua frío temperatura del agua malo natación del leon nadar elegir bote usar traje neopreno guía conocedor historia forma isla león ver pecar cala llamar junto variar decirnos foca entorno isla grupo gente disfrutar sitio mover bote varios grupo sentir abandonar tour punto completo ver cerca agua ver saltar alto aire duda recomendar tomarse tiempo tomar recorrido espíritu excursión isla ver paz,440
La Paz,,trip,,fui a nadar colonia de leones la mejor experiencia de animales marinos jamás vivida tiburones ballena tortugas delfines tiburones,,fui a nadar colonia de leones la mejor experiencia de animales marinos jamás vivida tiburones ballena tortugas delfines tiburones,19,False,es,es,ir nadar colonia león mejor experiencia animal marino vivir tiburón ballena tortuga delfín tiburón,14
La Paz,,trip,,fuimos a la gira de leones nuevos recorridos por la baja encontrar recorrido de una hora visitar isla espíritu santo snorkel leones pesos más propina ofrecida guía capitán guía gran biólogo marino bastante bien informado inglés español proporcionar equipo traje de neopreno almuerzo aconsejar traer comer santuario de aves almuerzo en la playa parada rápida foto playa con snorkel cachorros de leones muy juguetones recorridos en lotes de agua ir poco buceadores león de agua consigue humanos alrededor del agua minutos muchos comenzaron a resfriarse preferiría que menos gente alrededor pudiera bucear tranquilamente permanecer cerca guía bucear sugerir ver videos precios tour en barco baño simple sugerir ir al baño derecho tomar bote traer mucho frío camino de regreso debe paz vale la pena,,fuimos a la gira de leones nuevos recorridos por la baja encontrar recorrido de una hora visitar isla espíritu santo snorkel leones pesos más propina ofrecida guía capitán guía gran biólogo marino bastante bien informado inglés español proporcionar equipo traje de neopreno almuerzo aconsejar traer comer santuario de aves almuerzo en la playa parada rápida foto playa con snorkel cachorros de leones muy juguetones recorridos en lotes de agua ir poco buceadores león de agua consigue humanos alrededor del agua minutos muchos comenzaron a resfriarse preferiría que menos gente alrededor pudiera bucear tranquilamente permanecer cerca guía bucear sugerir ver videos precios tour en barco baño simple sugerir ir al baño derecho tomar bote traer mucho frío camino de regreso debe paz vale la pena,124,True,es,otro,,0
La Paz,,trip,,lugar perfecto visita virgen salvaje vale la pena cada segundo intento elige un buen guía explica la historia de la isla,,lugar perfecto visita virgen salvaje vale la pena cada segundo intento elige un buen guía explica la historia de la isla,21,False,es,es,perfecto visita virgen salvaje vale pena intento eligir bueno guía explicar historia isla,13
La Paz,,trip,,aventura decepcionada realizó un recorrido privado nadó leones vio rayas voladoras muchas tortugas playas hermoso punto culminante viaje familiar paz,,aventura decepcionada realizó un recorrido privado nadó leones vio rayas voladoras muchas tortugas playas hermoso punto culminante viaje familiar paz,20,False,es,es,aventura decepcionar realizar recorrido privado nadar león ver raya volador tortuga playa hermoso punto culminante viaje familiar paz,18
La Paz,,trip,,isla impresionante mucha información interesante visita de leones hermosa playa arena blanca aguas cristalinas,,isla impresionante mucha información interesante visita de leones hermosa playa arena blanca aguas cristalinas,14,False,es,es,isla impresionante información interesante visita león hermoso playa arena blanco agua cristalino,12
La Paz,,trip,,hermosa isla llena hermosas playas vírgenes colores turquesa nadar leones snorkel caminar partes isla genial tour imprescindible visitar paz,,hermosa isla llena hermosas playas vírgenes colores turquesa nadar leones snorkel caminar partes isla genial tour imprescindible visitar paz,19,False,otro,es,hermoso isla llena hermoso playa virgen colorar turquesa nadar león snorkel caminar isla genial tour imprescindible visitar paz,18
La Paz,,trip,,área natural protegida ver acuario natural completo aves marinas tierra completo amigable paraíso de los leones,,área natural protegida ver acuario natural completo aves marinas tierra completo amigable paraíso de los leones,16,False,es,es,área natural protegido ver acuario natural completo ave marina tierra completo amigable paraíso león,14
La Paz,,trip,,di basta ceviche almuerzo belleza isla desierta espectacular pozo playas,,di basta ceviche almuerzo belleza isla desierta espectacular pozo playas,10,False,otro,es,bastar ceviche almuerzo belleza isla desierto espectacular pozo playa,9
La Paz,,trip,,tripulación del barco guías geniales amigables y conocedores,,tripulación del barco guías geniales amigables y conocedores,8,False,es,es,tripulación del barco guía genial amigable conocedor,7
La Paz,,trip,,día reservado viaje de paz aventuras condujeron horas bote grande viaje de dos horas isla espíritu snorkel tripulación de leones desayuno increíble camino llegó colonia de leones tiempo de snorkel en bote más pequeño año agua fría quiero traje de neopreno proporcionar leones joven nadar rápido mirada correcta cara desaparecida vio bebé nadando jugando agua dos cosas harían viaje de cinco estrellas más cálido a través de agua más cálida tiempo cristalino leones de agua menos dos horas de viaje de regreso servido delicioso almuerzo junto a otra parada hacer snorkel pequeño arrecife de coral día completo de diez horas digno de ver hábitat natural de los leones,,día reservado viaje de paz aventuras condujeron horas bote grande viaje de dos horas isla espíritu snorkel tripulación de leones desayuno increíble camino llegó colonia de leones tiempo de snorkel en bote más pequeño año agua fría quiero traje de neopreno proporcionar leones joven nadar rápido mirada correcta cara desaparecida vio bebé nadando jugando agua dos cosas harían viaje de cinco estrellas más cálido a través de agua más cálida tiempo cristalino leones de agua menos dos horas de viaje de regreso servido delicioso almuerzo junto a otra parada hacer snorkel pequeño arrecife de coral día completo de diez horas digno de ver hábitat natural de los leones,108,False,es,es,reservado viaje paz aventura conducir hora bote grande viaje hora isla espíritu snorkel tripulación león desayuno increíble camino llegar colonia león tiempo snorkel bote pequeño agua frío querer traje neopreno proporcionar león joven nadar rápido mirada correcto cara desaparecido ver bebé nadar jugar agua hacer viaje estrella cálido través agua cálido tiempo cristalino león agua hora viaje regreso servir delicioso almuerzo junto parada snorkel pequeño arrecife coral completo diez hora digno ver hábitat natural león,75
La Paz,,trip,,"Fui de excursión a nadar leones, tiburones ballena, cómodo, seguro, disfruté viendo animales magníficos de cerca, también vi delfines en manada, una experiencia maravillosa, recomiendo encarecidamente el recorrido.",,fui de excursión a nadar leones tiburones ballena cómodo seguro disfruté viendo animales magníficos de cerca también vi delfines en manada una experiencia maravillosa recomiendo encarecidamente el recorrido,28,False,es,es,ir excursión nadar león tiburón ballena cómodo seguro disfrutar ver animal magnífico cerca delfín manada experiencia maravilloso recomendar encarecidamente recorrido,20
La Paz,,trip,,muchos leones hacer buen snorkel lleva horas de ida acercar la isla a lugares buenos leones para hacer snorkel,,muchos leones hacer buen snorkel lleva horas de ida acercar la isla a lugares buenos leones para hacer snorkel,19,False,es,es,león bueno snorkel llevar hora ida acercar isla bueno león snorkel,11
La Paz,,trip,,andar en kayak acampado alrededor de la isla baja actividades al aire libre agua increíble bucear peces sierra diferentes tipos colores estrella de mar coral gran colonia de leones extremo norte leones juveniles nadamos varias bahías caminatas impresionantes formaciones rocosas maravillosa flora fauna noche acampar playas estrellas claro parecía poder tocar,,andar en kayak acampado alrededor de la isla baja actividades al aire libre agua increíble bucear peces sierra diferentes tipos colores estrella de mar coral gran colonia de leones extremo norte leones juveniles nadamos varias bahías caminatas impresionantes formaciones rocosas maravillosa flora fauna noche acampar playas estrellas claro parecía poder tocar,51,False,es,es,andar kayak acampar alrededor isla baja actividad aire libre agua increíble bucear pecar sierra diferente colorar estrella mar coral gran colonia león extremo norte león juvenil nadar variar bahía caminata impresionante formación rocoso maravilloso flora fauna noche acampar playa estrella claro parecer poder tocar,44
La Paz,,trip,,guías profesionales expertos trabajo empresa paseo en kayak snorkel comió mucha comida local isla cocinada campamento nadó con estrellas,,guías profesionales expertos trabajo empresa paseo en kayak snorkel comió mucha comida local isla cocinada campamento nadó con estrellas,19,False,es,es,guía profesional experto trabajo empresa paseo kayak snorkel comer comida local isla cocinar campamento nadar estrella,16
La Paz,,trip,,mucha información local guías nado con leones almuerzo interesante buenas islas espectaculares,,mucha información local guías nado con leones almuerzo interesante buenas islas espectaculares,12,False,es,es,información local guía nadar león almuerzo interesante bueno isla espectacular,10
La Paz,,trip,,muchos tours van a la isla paz eligió el tour tours baja tours snorkeling área de los leones isla superior de los leones bonito crucero a lo largo de la isla paradas bien hechas en el camino también podría ver opciones disponibles bien interesado,,muchos tours van a la isla paz eligió el tour tours baja tours snorkeling área de los leones isla superior de los leones bonito crucero a lo largo de la isla paradas bien hechas en el camino también podría ver opciones disponibles bien interesado,44,True,es,otro,,0
La Paz,,trip,,experiencia fantástica nadar focas las focas juguetonas vienen bien parecen querer jugar una experiencia absolutamente genial,,experiencia fantástica nadar focas las focas juguetonas vienen bien parecen querer jugar una experiencia absolutamente genial,16,False,es,es,experiencia fantástico nadar foca foca juguetón venir parecer querer jugar experiencia absolutamente genial,13
La Paz,,trip,,muchos amigos dijeron que visitaron la isla pensaron que los turistas decidieron verificar de todos modos decepcionados tomaron una hora de recorrido por la isla colonia de focas buceando con snorkel focas muy divertidas literalmente rodeadas de focas jugando especialmente turistas un recorrido de picnic en la playa barcos muchos dicen que en general los barcos definitivamente recomiendan ver paz,,muchos amigos dijeron que visitaron la isla pensaron que los turistas decidieron verificar de todos modos decepcionados tomaron una hora de recorrido por la isla colonia de focas buceando con snorkel focas muy divertidas literalmente rodeadas de focas jugando especialmente turistas un recorrido de picnic en la playa barcos muchos dicen que en general los barcos definitivamente recomiendan ver paz,60,False,es,es,amigo decir visitar isla pensar turista decidir verificar modo decepcionar tomar hora recorrido isla colonia foca bucear snorkel foca divertir literalmente rodear foca jugar especialmente turista recorrido picnic playa barco decir general barco definitivamente recomendar ver paz,37
La Paz,,trip,,hermoso y majestuoso lugar se unió al grupo personal amigable compañía llamada expedición a la costa baja isla espíritu santo excelente snorkel hermosos peces leones nadando hermoso arrecife de coral aguas cristalinas increíble tierra protegida vida marina en general naturaleza isla espíritu santo yendo a la mente consciente las compañías ofrecen excursiones dentro de la isla capaz de caminar poco costa recomendaría obtener una gran experiencia,,hermoso y majestuoso lugar se unió al grupo personal amigable compañía llamada expedición a la costa baja isla espíritu santo excelente snorkel hermosos peces leones nadando hermoso arrecife de coral aguas cristalinas increíble tierra protegida vida marina en general naturaleza isla espíritu santo yendo a la mente consciente las compañías ofrecen excursiones dentro de la isla capaz de caminar poco costa recomendaría obtener una gran experiencia,66,False,es,es,hermoso majestuoso unir grupo personal amigable compañía llamada expedición costa baja isla espíritu santo excelente snorkel hermoso pecar león nadar hermoso arrecife coral agua cristalino increíble tierra protegido vida marina general naturaleza isla espíritu santo ir mente consciente compañía ofrecer excursión dentrar isla capaz caminar costa recomendar obtener gran experiencia,50
La Paz,,trip,,viajado tour privado piensa la mejor manera ir tiempo sentir interacción leones viaje diferente toma paz recomendaría tomar algo cálido morder viento frío hecho buceo hacer snorkel leones usualmente viaje increíble playa apartada dejar nada atrás traído llevar de vuelta recoger originalmente quedarse guía experimentado conocedor flora fauna local además gran buzo hizo snorkel súper importante amable viajes administrados nos ponen absolutamente memorable día realmente vale la pena cada,,viajado tour privado piensa la mejor manera ir tiempo sentir interacción leones viaje diferente toma paz recomendaría tomar algo cálido morder viento frío hecho buceo hacer snorkel leones usualmente viaje increíble playa apartada dejar nada atrás traído llevar de vuelta recoger originalmente quedarse guía experimentado conocedor flora fauna local además gran buzo hizo snorkel súper importante amable viajes administrados nos ponen absolutamente memorable día realmente vale la pena cada,69,True,es,otro,,0
La Paz,,trip,,combinación de esposa buceo snorkel viaje isla señorita isla baja paseo en bote paz hermosa a lo largo de la costa occidental espíritu llegar colonia leones perfecto temporada de apareamiento juveniles activo juguetón,,combinación de esposa buceo snorkel viaje isla señorita isla baja paseo en bote paz hermosa a lo largo de la costa occidental espíritu llegar colonia leones perfecto temporada de apareamiento juveniles activo juguetón,33,False,es,es,combinación esposar buceo snorkel viaje isla señorito isla baja paseo bote paz hermoso largo costa occidental espíritu llegar colonia león perfecto temporada apareamiento juvenil activo juguetón,26
La Paz,,trip,,paz reservar excursión ver increíble isla leones especies del océano practicar snorkel junto a hermosas criaturas juguetonas nota precio mejor libro hotel experiencia memorable traer agua beber olvidar sombrero protector solar,,paz reservar excursión ver increíble isla leones especies del océano practicar snorkel junto a hermosas criaturas juguetonas nota precio mejor libro hotel experiencia memorable traer agua beber olvidar sombrero protector solar,31,True,otro,otro,,0
La Paz,,trip,,realmente desearía poder fotos sin embargo fotos grandes decir naturaleza alguien escapar turista ir reservar excursión fue baja excursiones grupo pequeño excelente guía llamado biólogo lo sabía todo animales plantas isla muchos tours en grupo guía simplemente hablaba inglés sabía poco más isla hermosa casi completamente intacta lugares para bucear mucha vida silvestre combinada leones pelícanos almuerzo playa aislada también delicioso memorable,,realmente desearía poder fotos sin embargo fotos grandes decir naturaleza alguien escapar turista ir reservar excursión fue baja excursiones grupo pequeño excelente guía llamado biólogo lo sabía todo animales plantas isla muchos tours en grupo guía simplemente hablaba inglés sabía poco más isla hermosa casi completamente intacta lugares para bucear mucha vida silvestre combinada leones pelícanos almuerzo playa aislada también delicioso memorable,62,False,es,es,realmente desear poder foto embargo foto grande decir naturaleza alguien escapar turista reservar excursión baja excursión grupo pequeño excelente guía llamado biólogo saber animal planta isla tour grupo guía simplemente hablar inglés saber isla hermoso completamente intacto bucear vida silvestre combinar león pelícano almuerzo playa aislar delicioso memorable,48
La Paz,,trip,,debe ver aventura visitar la paz hacer snorkel aventura isla espíritu santo nadar leones hábitat natural tomar isla de belleza natural,,debe ver aventura visitar la paz hacer snorkel aventura isla espíritu santo nadar leones hábitat natural tomar isla de belleza natural,21,False,es,otro,debe ver aventura visitar paz snorkel aventura isla espíritu santo nadar león hábitat natural tomar isla belleza natural,18
La Paz,,trip,,gran viaje ver leones entorno protegido quería hacer snorkel agua bastante agitada día ventoso poder ver barco todavía vale la pena el viaje,,gran viaje ver leones entorno protegido quería hacer snorkel agua bastante agitada día ventoso poder ver barco todavía vale la pena el viaje,23,False,es,es,gran viaje ver león entorno protegido querer snorkel agua agitar ventoso poder ver barco vale pena viaje,17
La Paz,,trip,,save money go snorkel lions right inquisitive quite friendly,,save money go snorkel lions right inquisitive quite friendly,9,False,otro,otro,save money snorkel lions right inquisitive friendly,7
La Paz,,trip,,isla espíritu santo isla increíblemente hermosa formaciones rocosas únicas paisajes impresionantes,,isla espíritu santo isla increíblemente hermosa formaciones rocosas únicas paisajes impresionantes,11,False,otro,es,isla espíritu santo isla increíblemente hermoso formación rocoso único paisaje impresionante,11
La Paz,,trip,,check divers paz fantástico desayuno también incluye excursiones en barco estancia de buceo amado tour en barco check islas plus tours incluyen personas,,check divers paz fantástico desayuno también incluye excursiones en barco estancia de buceo amado tour en barco check islas plus tours incluyen personas,23,False,es,es,check divers paz fantástico desayuno incluir excursión barco estancia buceo amado tour barco check isla plus tour incluir persona,19
La Paz,,trip,,paisajes impresionantes mucha vida silvestre suerte ir temporada de ballenas ir a ver leones todavía hermosa caliente tomar suficiente agua protector solar,,paisajes impresionantes mucha vida silvestre suerte ir temporada de ballenas ir a ver leones todavía hermosa caliente tomar suficiente agua protector solar,22,False,es,es,paisaje impresionante vida silvestre suerte temporada ballena ver león hermoso caliente tomar suficiente agua protector solar,16
La Paz,,trip,,experiencia fabulosa personal increíble amable muy divertido disfruté hermoso crucero al atardecer conocí gente estupenda cena alrededor de isla espíritu santo luciendo genial noche conseguir crucero,,experiencia fabulosa personal increíble amable muy divertido disfruté hermoso crucero al atardecer conocí gente estupenda cena alrededor de isla espíritu santo luciendo genial noche conseguir crucero,26,False,es,es,experiencia fabuloso personal increíble amable divertir disfrutar hermoso crucero atardecer conocer gente estupendo cena alrededor isla espíritu santo lucir genial noche conseguir crucero,23
La Paz,,trip,,conseguir un barco ahorrar tiempo capturar un recorrido por muchos océanos vírgenes pensar en la izquierda,,conseguir un barco ahorrar tiempo capturar un recorrido por muchos océanos vírgenes pensar en la izquierda,16,False,es,es,conseguir barco ahorrar tiempo capturar recorrido océano virgen pensar izquierda,10
La Paz,,trip,,visité isla espíritu santo tours hotel reservado realmente gran día bueno excelente snorkel arrecife de coral ver sitios interesantes alrededor de la isla visitar colonia de leones no puedo nadar tiempo año cachorros excelente ceviche almuerzo lo recomendaría,,visité isla espíritu santo tours hotel reservado realmente gran día bueno excelente snorkel arrecife de coral ver sitios interesantes alrededor de la isla visitar colonia de leones no puedo nadar tiempo año cachorros excelente ceviche almuerzo lo recomendaría,38,False,es,es,visitar isla espíritu santo tour hotel reservado realmente gran bueno excelente snorkel arrecife coral ver sitio interesante alrededor isla visitar colonia león poder nadar tiempo cachorro excelente ceviche almuerzo recomendar,30
La Paz,,trip,,"Debes ver, ir a la paz, visitar la isla. Debes tomar un tour de un día en un bote pequeño. Hermosas playas excelentes. También puedes ver leones, aves, hábitat de vida salvaje.",,debes ver ir a la paz visitar la isla debes tomar un tour de un día en un bote pequeño hermosas playas excelentes también puedes ver leones aves hábitat de vida salvaje,32,False,es,es,debe ver paz visitar isla debe tomar tour bote pequeño hermoso playa excelente poder ver león ave hábitat vida salvaje,20
La Paz,,trip,,hermosas playas vírgenes ubicadas bahía bahía isla maravillosa bahía arena diferente simplemente hermosa pasar la noche,,hermosas playas vírgenes ubicadas bahía bahía isla maravillosa bahía arena diferente simplemente hermosa pasar la noche,16,False,es,es,hermoso playa virgen ubicar bahía bahía isla maravilloso bahía arena diferente simplemente hermoso pasar noche,15
La Paz,,trip,,lugar increíble gastar dinero ir buena compañía poco viajar más allá del valor,,lugar increíble gastar dinero ir buena compañía poco viajar más allá del valor,13,False,es,es,increíble gastar dinero bueno compañía viajar del valor,8
La Paz,,trip,,decir hermosas fabulosas prístinas aves llenas leones bucear playas privadas amadas,,decir hermosas fabulosas prístinas aves llenas leones bucear playas privadas amadas,11,False,otro,es,decir hermoso fabuloso prístino ave llena león bucear playa privado amado,11
La Paz,,trip,,hermosa me alegra ver usar protector solar disfrutar fui grupo llamado rojo viaje fabuloso guía de trabajo increíble muy recomendable cámara submarina incluso un lugar de amor miedo encuentros cercanos vida silvestre viaje de snorkel,,hermosa me alegra ver usar protector solar disfrutar fui grupo llamado rojo viaje fabuloso guía de trabajo increíble muy recomendable cámara submarina incluso un lugar de amor miedo encuentros cercanos vida silvestre viaje de snorkel,35,False,es,es,hermoso alegrar ver usar protector solar disfrutar ir grupo llamado rojo viaje fabuloso guía trabajo increíble recomendable cámara submarino incluso amor miedo encuentro cercano vida silvestre viaje snorkel,28
La Paz,,trip,,gran viaje toda la isla santo nadar focas primera playa focas divertido ver parece que hay muchas actividades hora fue playa hermosa arena blanca agua clara excelente,,gran viaje toda la isla santo nadar focas primera playa focas divertido ver parece que hay muchas actividades hora fue playa hermosa arena blanca agua clara excelente,27,False,es,es,gran viaje isla santo nadar foca playa foca divertir ver parecer actividad hora playa hermoso arena blanco agua clara excelente,20
La Paz,,trip,,tomó un día de viaje en bote decepcionado época año fue en bote ven preparado necesitaba varias capas mantener frío fue isla espíritu maravillosa aventura biólogo nada sabe el área flora fauna trajes de neopreno equipo de snorkel proporcionado acompañado guía de agua leones enteros rocas guardadas varios se quedaron cortos cerca vio uno jugar pájaro buceado atrapar peces siguió adelante pájaro soltar ninguno usar gran momento almuerzo en la playa bebidas gran valor día todo pensó,,tomó un día de viaje en bote decepcionado época año fue en bote ven preparado necesitaba varias capas mantener frío fue isla espíritu maravillosa aventura biólogo nada sabe el área flora fauna trajes de neopreno equipo de snorkel proporcionado acompañado guía de agua leones enteros rocas guardadas varios se quedaron cortos cerca vio uno jugar pájaro buceado atrapar peces siguió adelante pájaro soltar ninguno usar gran momento almuerzo en la playa bebidas gran valor día todo pensó,77,False,es,es,tomar viaje bote decepcionar época bote ver preparado necesitar variar capa mantener frío isla espíritu maravilloso aventura biólogo nada saber área flora fauna traje neopreno equipo snorkel proporcionar acompañar guía agua león entero roca guardar varios quedar corto cerca ver jugar pájaro bucear atrapar pecar seguir adelantar pájaro soltar ninguno usar gran almuerzo playa bebida gran valor pensar,58
La Paz,,trip,,condujo un auto de alquiler encontró recorridos a través de un viaje excelente decidió último minuto trajes de neopreno final uso del marido muy frío cueva fue podría estar bien definitivamente más cálido usado pensar en la temperatura afuera alrededor del día nadando cerca del hábitat de los leones increíble se acercó lo suficiente aleta quería jugar fabuloso muchos historia almuerzo decente pequeña playa esperar volver,,condujo un auto de alquiler encontró recorridos a través de un viaje excelente decidió último minuto trajes de neopreno final uso del marido muy frío cueva fue podría estar bien definitivamente más cálido usado pensar en la temperatura afuera alrededor del día nadando cerca del hábitat de los leones increíble se acercó lo suficiente aleta quería jugar fabuloso muchos historia almuerzo decente pequeña playa esperar volver,66,False,es,es,conducir auto alquiler encontrar recorrido través viaje excelente decidir último minuto traje neopreno final uso del marido frío cueva poder definitivamente cálido usar pensar temperatura aforar alrededor del nadar cerca del hábitat león increíble acercar suficiente aleta querer jugar fabuloso historia almuerzo decente pequeño playa esperar volver,47
La Paz,,trip,,Los tours usados ​​lo recomiendo encarecidamente. Un día poco ventoso. Un poco duro. La tripulación trabajó duro. Nos brindó la mejor experiencia posible.,,los tours usados lo recomiendo encarecidamente un día poco ventoso un poco duro la tripulación trabajó duro nos brindó la mejor experiencia posible,23,False,es,es,tour usarse recomendar encarecidamente ventoso duro tripulación trabajar duro brindar mejor experiencia posible,13
La Paz,,trip,,must see paz minute boat ride even great snorkeling great water,,must see paz minute boat ride even great snorkeling great water,11,False,en,otro,see paz minutar boat ride snorkeling water,7
La Paz,,trip,,usado baja aventura llévanos isla espíritu santo sensación increíble sin duda regresar,,usado baja aventura llévanos isla espíritu santo sensación increíble sin duda regresar,12,False,otro,es,usar baja aventura llévanos isla espíritu santo sensación increíble duda regresar,11
La Paz,,trip,,Un momento maravilloso buceando jugando a los leones nadando activamente a nuestro alrededor volvería seguro,,un momento maravilloso buceando jugando a los leones nadando activamente a nuestro alrededor volvería seguro,15,False,es,es,maravilloso bucear jugar león nadar activamente alrededor volverse seguro,9
La Paz,,trip,,debe paz viaje mundial del agua suave cómodo disfrutado cada minuto,,debe paz viaje mundial del agua suave cómodo disfrutado cada minuto,11,False,es,es,debe paz viaje mundial del agua suave cómodo disfrutar minuto,10
La Paz,,trip,,favorito snorkeling cachorros de león foca kayak en roca almuerzo increíble playa privada de arena blanca,,favorito snorkeling cachorros de león foca kayak en roca almuerzo increíble playa privada de arena blanca,16,False,es,es,favorito snorkeling cachorro león foca kayak roca almuerzo increíble playa privado arena blanco,13
La Paz,,trip,,acampado isla espíritu santo dos niños edades operador turístico kayak baja grupo pequeño kayak snorkel jugado playa isla hermosa bien vale la pena el viaje un viento tiene tiempos ventosos hizo paseo en bote isla poco emocionante preferiría altamente recomendar viaje isla espíritu santo buscando aventura al aire libre baja,,acampado isla espíritu santo dos niños edades operador turístico kayak baja grupo pequeño kayak snorkel jugado playa isla hermosa bien vale la pena el viaje un viento tiene tiempos ventosos hizo paseo en bote isla poco emocionante preferiría altamente recomendar viaje isla espíritu santo buscando aventura al aire libre baja,50,False,es,es,acampar isla espíritu santo niño edad operador turístico kayak baja grupo pequeño kayak snorkel jugar playa isla hermoso vale pena viaje viento tiempo ventoso hacer paseo bote isla emocionante preferir altamente recomendar viaje isla espíritu santo buscar aventura aire libre baja,41
La Paz,,trip,,sitio de patrimonio mundial espíritu santo impresionantes diferentes tipos aves vistas isla excelentes áreas designadas kayak navegación buceo cámping senderismo playas volador rayos colonia de leones,,sitio de patrimonio mundial espíritu santo impresionantes diferentes tipos aves vistas isla excelentes áreas designadas kayak navegación buceo cámping senderismo playas volador rayos colonia de leones,26,False,es,es,sitio patrimonio mundial espíritu santo impresionante diferente ave vista isla excelente área designar kayak navegación buceo cámping senderismo playa volador rayo colonia león,23
La Paz,,trip,,sin embargo vale la pena viajar visitado dijo emocionante menos tortugas hacen viaje snorkel memorable,,sin embargo vale la pena viajar visitado dijo emocionante menos tortugas hacen viaje snorkel memorable,15,False,es,es,embargo vale pena viajar visitar decir emocionante tortuga hacer viaje snorkel memorable,12
La Paz,,trip,,viaje en barco día de paz gran momento cosas muy interesantes ver incluyendo toneladas leones isla de pájaros llamado gran día en general gran snorkel buceo cosa fuera del puerto paz isla pequeña podría bucear snorkel derecho leones en general capitán increíble uno de los mejores días de viaje seguro,,viaje en barco día de paz gran momento cosas muy interesantes ver incluyendo toneladas leones isla de pájaros llamado gran día en general gran snorkel buceo cosa fuera del puerto paz isla pequeña podría bucear snorkel derecho leones en general capitán increíble uno de los mejores días de viaje seguro,50,False,es,es,viaje barco paz gran interesante ver incluir tonelada león isla pájaro llamado gran general gran snorkel buceo ser del puerto paz isla pequeño poder bucear snorkel derecho león general capitán increíble mejorar viaje seguro,34
La Paz,,trip,,almuerzo snorkel espíritu santo bahía tranquila como playa dentro de la bahía tomado barco guía playa derecha,,almuerzo snorkel espíritu santo bahía tranquila como playa dentro de la bahía tomado barco guía playa derecha,17,False,es,es,almuerzo snorkel espíritu santo bahía tranquilo playa dentrar bahía tomar barco guía playa derecha,14
La Paz,,trip,,hermoso lugar imagina fletado pequeño dos agradable hermoso paseo isla experiencia en la isla isla agua prístina increíblemente turquesa pájaros abundante parado corta caminata alrededor de la isla disfruté almuerzo tipo picnic playa luego se detuvo bucear en bote disfruté peces tropicales coral saludable camino a casa se sintió como una belleza mágica verdaderamente una experiencia de por vida,,hermoso lugar imagina fletado pequeño dos agradable hermoso paseo isla experiencia en la isla isla agua prístina increíblemente turquesa pájaros abundante parado corta caminata alrededor de la isla disfruté almuerzo tipo picnic playa luego se detuvo bucear en bote disfruté peces tropicales coral saludable camino a casa se sintió como una belleza mágica verdaderamente una experiencia de por vida,59,False,es,es,hermoso imaginar fletar pequeño agradable hermoso paseo isla experiencia isla isla agua prístino increíblemente turquesa pájaro abundante parado corta caminata alrededor isla disfrutar almuerzo picnic playa luego detener bucear bote disfrutar pecar tropical coral saludable camino casa sentir belleza mágico verdaderamente experiencia vida,43
La Paz,,trip,,"Elegí isla espíritu santo viaje asequible conseguí hotel elegir dejar medio viaje guías muy bien informado agradable tablero inglés se aseguró de que todo nosotros, incluso las historias, supieran mucha historia geológica detrás del área increíble hacer sentir muchos recorridos vida silvestre sorprendido en realidad nadé alrededor de colonias de leones criaturas majestuosas nadaron a nuestro alrededor uno incluso nadó un poco experiencia de león cerca personal fue al final puede ver tiburones ballena en lugar de ver muchos volando vio muchas escuelas saltando leones nadar increíble tabla de almuerzo pasó tiempo hermosa tripulación de playa nos trajo sentarnos media tarde extremadamente caliente fresco pasado camino de regreso experiencia increíble precio increíble me sentí bien atendido todo el camino iría barco de fin de semana usado viaje de pensamiento puede ser incluso mejor león creer barco más pequeño almuerzo barco de playa",,elegí isla espíritu santo viaje asequible conseguí hotel elegir dejar medio viaje guías muy bien informado agradable tablero inglés se aseguró de que todo nosotros incluso las historias supieran mucha historia geológica detrás del área increíble hacer sentir muchos recorridos vida silvestre sorprendido en realidad nadé alrededor de colonias de leones criaturas majestuosas nadaron a nuestro alrededor uno incluso nadó un poco experiencia de león cerca personal fue al final puede ver tiburones ballena en lugar de ver muchos volando vio muchas escuelas saltando leones nadar increíble tabla de almuerzo pasó tiempo hermosa tripulación de playa nos trajo sentarnos media tarde extremadamente caliente fresco pasado camino de regreso experiencia increíble precio increíble me sentí bien atendido todo el camino iría barco de fin de semana usado viaje de pensamiento puede ser incluso mejor león creer barco más pequeño almuerzo barco de playa,142,True,es,otro,,0
La Paz,,trip,,una cosa necesita área ya sea paz visita guiada local tomar el curso de la isla espíritu santo llevar a cabo ir a buscar buceo marino tour de juego de snorkel tomar las mejores playas playas principales de la isla espíritu santo definitivamente debe baja,,una cosa necesita área ya sea paz visita guiada local tomar el curso de la isla espíritu santo llevar a cabo ir a buscar buceo marino tour de juego de snorkel tomar las mejores playas playas principales de la isla espíritu santo definitivamente debe baja,45,False,es,es,necesitar área sea paz visita guiar local tomar curso isla espíritu santo llevar cabo buscar buceo marino tour juego snorkel tomar mejorar playa playa principal isla espíritu santo definitivamente debe baja,31
La Paz,,trip,,leones recorridos increíbles miró dar minutos agua pensamiento exploraría la isla pequeño siéntate playa pequeña hora de la isla la mitad definitivamente vale la pena encontrar compañía de viajes isla más cercana asegúrese de conocer el recorrido de la hora,,leones recorridos increíbles miró dar minutos agua pensamiento exploraría la isla pequeño siéntate playa pequeña hora de la isla la mitad definitivamente vale la pena encontrar compañía de viajes isla más cercana asegúrese de conocer el recorrido de la hora,40,False,es,es,león recorrido increíble mirar dar minuto agua pensamiento explorar isla pequeño sentarse playa pequeño hora isla mitad definitivamente vale pena encontrar compañía viaje isla cercano asegúrese conocer recorrido hora,29
La Paz,,trip,,tomó pesca viaje de aventuras aventuras acampó playa día de pesca paseo en kayak noche fui a caminar ensenada velero agua mucha vida silvestre agua vio tortugas rayos leones ballenas tipos peces hermoso lugar,,tomó pesca viaje de aventuras aventuras acampó playa día de pesca paseo en kayak noche fui a caminar ensenada velero agua mucha vida silvestre agua vio tortugas rayos leones ballenas tipos peces hermoso lugar,34,False,es,es,tomar pesca viaje aventura aventura acampar playa pesca paseo kayak noche ir caminar ensenada velero agua vida silvestre agua ver tortuga rayo león ballena pecar hermoso,26
La Paz,,trip,,"Muy recomendable hacer una excursión de un día a Espíritu Santo. Sin embargo, ahorre mucho a mitad de precio cerca. En lugar de reservar, también los guías usan chalecos salvavidas. Los leones nadadores hacen que nadar sea una gran sorpresa.",,muy recomendable hacer una excursión de un día a espíritu santo sin embargo ahorre mucho a mitad de precio cerca en lugar de reservar también los guías usan chalecos salvavidas los leones nadadores hacen que nadar sea una gran sorpresa,40,True,es,otro,,0
La Paz,,trip,,verdadero disfrutar encuentros vida marina destacar poco conseguir leones valen la pena,,verdadero disfrutar encuentros vida marina destacar poco conseguir leones valen la pena,12,False,es,es,verdadero disfrutar encuentro vida marina destacar conseguir león valer pena,10
La Paz,,trip,,make sure keep arms sides play fun pups like puppies wanting nip,,make sure keep arms sides play fun pups like puppies wanting nip,12,False,otro,otro,make sure keep arms sides play fun pups like puppies wanting nip,12
La Paz,,trip,,Pasé el fin de semana anclado hermoso lugar excelente snorkeling arrecife agua cristalina natación buceo,,pasé el fin de semana anclado hermoso lugar excelente snorkeling arrecife agua cristalina natación buceo,15,False,es,es,pasar fin semana anclar hermoso excelente snorkeling arrecife agua cristalino natación buceo,12
La Paz,,trip,,espíritu santo impresionante paseo en bote isla realmente encantador punto culminante pasar tiempo viendo vida silvestre leones pájaros disfrutando hermosa playa de arena paisaje isla impresionante agua circundante increíblemente claro limpio maravilloso nadar cálido tarde agua bahía,,espíritu santo impresionante paseo en bote isla realmente encantador punto culminante pasar tiempo viendo vida silvestre leones pájaros disfrutando hermosa playa de arena paisaje isla impresionante agua circundante increíblemente claro limpio maravilloso nadar cálido tarde agua bahía,37,False,es,es,espíritu santo impresionante paseo bote isla realmente encantador punto culminante pasar tiempo ver vida silvestre león pájaro disfrutar hermoso playa arena paisaje isla impresionante agua circundante increíblemente claro limpio maravilloso nadar cálido tarde agua bahía,35
La Paz,,trip,,Pasé tres noches en la isla haciendo snorkel pesca kayak senderismo encantadores guías de viaje conocedor de historia tierra plantas animales gran experiencia altamente recomendado snorkel tiburones ballena leones,,pasé tres noches en la isla haciendo snorkel pesca kayak senderismo encantadores guías de viaje conocedor de historia tierra plantas animales gran experiencia altamente recomendado snorkel tiburones ballena leones,29,False,es,es,pasar noche isla hacendar snorkel pesca kayak senderismo encantador guía viaje conocedor historia tierra planta animal gran experiencia altamente recomendado snorkel tiburón ballena león,24
La Paz,,trip,,último día paz firmó temprano viaje en barco pesos establecido tarde minutos seis adultos niños minutos dos familias cerca playa conjunto baño bote botes dos tres invitados trajes de neopreno snorkel proporcionado nadar leones traer viaje se enfría lancha rápida viento invitados regresan almorzaron proporcionado playa vacía bastante buen ceviche refrescos frescos vuelta tiempos agradables lleno de baches definitivamente recomendado,,último día paz firmó temprano viaje en barco pesos establecido tarde minutos seis adultos niños minutos dos familias cerca playa conjunto baño bote botes dos tres invitados trajes de neopreno snorkel proporcionado nadar leones traer viaje se enfría lancha rápida viento invitados regresan almorzaron proporcionado playa vacía bastante buen ceviche refrescos frescos vuelta tiempos agradables lleno de baches definitivamente recomendado,60,False,es,es,último paz firmar temprano viaje barco peso establecer tarde minuto seis adulto niño minuto familia cerca playa conjunto baño bote bote invitado traje neopreno snorkel proporcionar nadar león traer viaje enfriar lancha rápido viento invitado regresar almorzar proporcionar playa vacío bueno ceviche refresco fresco vuelta tiempo agradable lleno bache definitivamente recomendado,51
La Paz,,trip,,guía experto excelente conductor vio tiburones ballena paz bahía cachorros de león activo me besaron máscara área de peces abundante hermoso campamento de almuerzo isla espíritu santo fantástico hecho ceviche fresco buceé con snorkel arrecife de coral vi muchos peces coral camino a casa vio ballena jorobada podría pedir mejores guías,,guía experto excelente conductor vio tiburones ballena paz bahía cachorros de león activo me besaron máscara área de peces abundante hermoso campamento de almuerzo isla espíritu santo fantástico hecho ceviche fresco buceé con snorkel arrecife de coral vi muchos peces coral camino a casa vio ballena jorobada podría pedir mejores guías,51,False,es,es,guía experto excelente conductor ver tiburón ballena paz bahía cachorro león activo besar máscara área pecar abundante hermoso campamento almuerzo isla espíritu santo fantástico ceviche fresco bucear snorkel arrecife coral pecar coral camino casa ver ballena jorobado poder pedir mejorar guía,41
La Paz,,trip,,gran viaje de un día paz personal agradable buen servicio excelente almuerzo guía experto compañía de turismo capitán del barco también amable seguro,,gran viaje de un día paz personal agradable buen servicio excelente almuerzo guía experto compañía de turismo capitán del barco también amable seguro,23,False,es,es,gran viaje paz personal agradable bueno servicio excelente almuerzo guía experto compañía turismo capitán del barco amable seguro,18
La Paz,,trip,,lista de deseos ver nadar leones andar en kayak hermosas bahías paisajes vida silvestre,,lista de deseos ver nadar leones andar en kayak hermosas bahías paisajes vida silvestre,14,False,es,es,lista deseo ver nadar león andar kayak hermoso bahía paisaje vida silvestre,12
La Paz,,trip,,vino espíritu santo viaje grupal guiado parque nacional pague una pequeña tarifa obtenga un viaje especial seguro clima increíble snorkel excelente como acuario la mejor parte bucear cerca de la colonia de leones se necesitan trajes de neopreno año de snorkel no,,vino espíritu santo viaje grupal guiado parque nacional pague una pequeña tarifa obtenga un viaje especial seguro clima increíble snorkel excelente como acuario la mejor parte bucear cerca de la colonia de leones se necesitan trajes de neopreno año de snorkel no,42,False,es,es,vino espíritu santo viaje grupal guiado parque nacional pagar pequeño tarifa obtener viaje especial seguro clima increíble snorkel excelente acuario mejor bucear cerca colonia león necesitar traje neopreno snorkel,29
La Paz,,trip,,isla espíritu santo paz alrededores llegó temprano paz baja dejó cosas hotel fue maravilloso desayuno hotel tres lejos playa bastante agradable limpio servicio bueno primer día agradable sorpresa llamado lugar de ballenas frente pudo ver ballenas video dijo ballenas muy lejos diga también varias ballenas grandes caparazones de tortuga incluso varios tipos tiburones lugar de baja ballenas desde hace muchos años al día siguiente condujo playa vista tranquila agua fría caminó alrededor de la playa disfrutó tomó buenos minutos condujo playa algo comer playa reserva natural sitio tres ceviche hecho feliz dio esperar cena día importante uno fuerte olas completo delicioso pudo sentir pies coche alquilado condujo mirar hotel hotel quieto en todas partes visitar agradable al día siguiente fue isla espíritu santo ver bahía paz camino compañía varios grupos delfines también suerte vi tres ballenas dos nos mostraron uno atrás llegó final isla vio colonia leones oído saber problema seguro sonido hecho vino parte del cuerpo gente barco fue nadando cerca leones regresando paz barco fue pequeña playa isla espíritu santo agradable incluso playa el último día paz condujo hacia el sur paz también conocido vista maravillosa lugar de la bahía barcos de pesca viniendo bien aunque playa bonita calma buen lugar nadar pequeñas rocas arena podía sentir el lugar los pies condujeron diferente enorme viento soplando fuerte hecho ver muchos cielo próxima playa saber puede uno colores el tiempo se podía ver movido a veces a veces viento un lugar disfruté mucho visitar paz lugares comer paz bueno incluso lugares maravillosos almuerzo se convirtió en paz de primera clase mundial también buen lugar almuerzo dos ceviche ceviche de pescado rojo cocido parte un lado palito de pescado pequeño ceviche fue restaurante llamado rojo maravilloso caliente fuertemente recomiendo bien vino lugar llamado pescado creo amable pescado local manera preparar también otro ceviche de pescado también maravilloso decir volver paz disfruté lugar entorno mucho también quiero volver pescado también ceviche de pescado preparar mucho saber esperar minutos capaz moverse pensando como ballena grande salió a la superficie aire fresco regresa profundo buscando comida,,isla espíritu santo paz alrededores llegó temprano paz baja dejó cosas hotel fue maravilloso desayuno hotel tres lejos playa bastante agradable limpio servicio bueno primer día agradable sorpresa llamado lugar de ballenas frente pudo ver ballenas video dijo ballenas muy lejos diga también varias ballenas grandes caparazones de tortuga incluso varios tipos tiburones lugar de baja ballenas desde hace muchos años al día siguiente condujo playa vista tranquila agua fría caminó alrededor de la playa disfrutó tomó buenos minutos condujo playa algo comer playa reserva natural sitio tres ceviche hecho feliz dio esperar cena día importante uno fuerte olas completo delicioso pudo sentir pies coche alquilado condujo mirar hotel hotel quieto en todas partes visitar agradable al día siguiente fue isla espíritu santo ver bahía paz camino compañía varios grupos delfines también suerte vi tres ballenas dos nos mostraron uno atrás llegó final isla vio colonia leones oído saber problema seguro sonido hecho vino parte del cuerpo gente barco fue nadando cerca leones regresando paz barco fue pequeña playa isla espíritu santo agradable incluso playa el último día paz condujo hacia el sur paz también conocido vista maravillosa lugar de la bahía barcos de pesca viniendo bien aunque playa bonita calma buen lugar nadar pequeñas rocas arena podía sentir el lugar los pies condujeron diferente enorme viento soplando fuerte hecho ver muchos cielo próxima playa saber puede uno colores el tiempo se podía ver movido a veces a veces viento un lugar disfruté mucho visitar paz lugares comer paz bueno incluso lugares maravillosos almuerzo se convirtió en paz de primera clase mundial también buen lugar almuerzo dos ceviche ceviche de pescado rojo cocido parte un lado palito de pescado pequeño ceviche fue restaurante llamado rojo maravilloso caliente fuertemente recomiendo bien vino lugar llamado pescado creo amable pescado local manera preparar también otro ceviche de pescado también maravilloso decir volver paz disfruté lugar entorno mucho también quiero volver pescado también ceviche de pescado preparar mucho saber esperar minutos capaz moverse pensando como ballena grande salió a la superficie aire fresco regresa profundo buscando comida,343,False,es,es,isla espíritu santo paz alrededor llegar temprano paz baja dejar hotel maravilloso desayuno hotel lejos playa agradable limpio servicio bueno agradable sorpresa llamado ballena frente poder ver ballena video decir ballena lejos decir variar ballena grande caparazón tortuga incluso varios tiburón baja ballena siguiente conducir playa vista tranquilo agua frío caminar alrededor playa disfrutar tomar bueno minuto conducir playa algo comer playa reserva natural sitio ceviche feliz dar esperar cena importante fuerte ola completo delicioso poder sentir pie coche alquilar conducir mirar hotel hotel quieto visitar agradable siguiente isla espíritu santo ver bahía paz camino compañía varios grupo delfín suerte ballena mostrar atrás llegar final isla ver colonia león oído saber problema seguro sonido vino del cuerpo gente barco nadar cerca león regresar paz barco pequeño playa isla espíritu santo agradable incluso playa último paz conducir sur paz conocido vista maravilloso bahía barco pesca venir playa bonito calma bueno nadar pequeño roca arena poder sentir pie conducir diferente enorme viento soplar fuerte ver cielo próximo playa saber poder colorar tiempo poder ver mover viento disfrutar visitar paz comer paz bueno incluso maravilloso almuerzo convertir paz clase mundial bueno almuerzo ceviche ceviche pescado rojo cocido lado palito pescado pequeño ceviche restaurante llamado rojo maravilloso caliente fuertemente recomendar vino llamado pescado crear amable pescado local preparar ceviche pescado maravilloso decir volver paz disfrutar entorno querer volver pescado ceviche pescado preparar saber esperar minuto capaz moverse pensar ballena grande salir superficie aire fresco regresar profundo buscar comida,244
La Paz,,trip,,tomó un recorrido en bote por la isla superior colonia de leones probó snorkel sin embargo el camino actual sorprendió parte del viaje de regreso a la isla se detuvo para almorzar en la playa en realidad se quedó hasta tarde en el recorrido en bote vio una puesta de sol increíble creo que es la mejor jamás vista geología isla variada ver muchos lugares en bote ir el bote recorre todo,,tomó un recorrido en bote por la isla superior colonia de leones probó snorkel sin embargo el camino actual sorprendió parte del viaje de regreso a la isla se detuvo para almorzar en la playa en realidad se quedó hasta tarde en el recorrido en bote vio una puesta de sol increíble creo que es la mejor jamás vista geología isla variada ver muchos lugares en bote ir el bote recorre todo,72,False,es,es,tomar recorrido bote isla superior colonia león probar snorkel embargo camino actual sorprender del viaje regreso isla detener almorzar playa realidad quedar tarde recorrido bote ver puesta sol increíble crear mejor vista geología isla variar ver bote bote recorrer,39
La Paz,,trip,,"nadar leones, una de las mejores experiencias de mi vida, también ver muchas especies de aves, playas impresionantes, debe tener paz. Recomiendo encarecidamente tours de espíritu baja, tome guías, realmente brinde la mejor experiencia posible en la isla.",,nadar leones una de las mejores experiencias de mi vida también ver muchas especies de aves playas impresionantes debe tener paz recomiendo encarecidamente tours de espíritu baja tome guías realmente brinde la mejor experiencia posible en la isla,38,False,es,es,nadar león mejorar experiencia vida ver especie ave playa impresionante debe paz recomendar encarecidamente tour espíritu baja tomar guía realmente brindar mejor experiencia posible isla,25
La Paz,,trip,,visita a la gran isla nado con leones excursión de un día almuerzo en barco isla cercana,,visita a la gran isla nado con leones excursión de un día almuerzo en barco isla cercana,17,False,es,es,visita gran isla nadar león excursión almuerzo barco isla cercano,10
La Paz,,trip,,isla espíritu definitivamente vale la pena viajar hermosas playas vírgenes fantásticos lugares para bucear y hacer snorkel dan la oportunidad de ir a jugar leones ir a la paz sin ir a espíritu,,isla espíritu definitivamente vale la pena viajar hermosas playas vírgenes fantásticos lugares para bucear y hacer snorkel dan la oportunidad de ir a jugar leones ir a la paz sin ir a espíritu,33,False,es,es,isla espíritu definitivamente vale pena viajar hermoso playa virgen fantástico bucear snorkel dar oportunidad jugar león paz espíritu,18
La Paz,,trip,,a lo largo del lado sureste rumbo viaje de pesca formaciones rocosas prístinas agua cerca hermosa fue viaje de snorkel viajando lado oeste leones nadando con snorkel extremo norte almuerzo playa apartada ensenada escuela de snorkel dardo alrededor sierra grupo vida vegetal agua hermosa isla especialmente personal del barco contar,,a lo largo del lado sureste rumbo viaje de pesca formaciones rocosas prístinas agua cerca hermosa fue viaje de snorkel viajando lado oeste leones nadando con snorkel extremo norte almuerzo playa apartada ensenada escuela de snorkel dardo alrededor sierra grupo vida vegetal agua hermosa isla especialmente personal del barco contar,50,False,es,es,largo del lado sureste rumbo viaje pesca formación rocoso prístino agua cerca hermoso viaje snorkel viajar lado oeste león nadar snorkel extremo norte almuerzo playa apartar ensenada escuela snorkel dardo alrededor sierra grupo vida vegetal agua hermoso isla especialmente personal del barco contar,43
La Paz,,trip,,Seguro que vale la pena tomar un barco en la playa durante el viaje de ida y vuelta. Almuerzo incluido. No te pierdas el viaje. Leones marinos.,,seguro que vale la pena tomar un barco en la playa durante el viaje de ida y vuelta almuerzo incluido no te pierdas el viaje leones marinos,27,False,es,es,seguro vale pena tomar barco playa viaje ida vuelta almuerzo incluir perder viaje león marino,15
La Paz,,trip,,El día se fue esperando nadar leones guardaparques por primera vez decidió gente nadar leones guía del área protegida dijo tiempos de snorkeling sin problemas de días aparentemente pasados ​​machos grandes buceadores frente al agua aparentemente una persona consiguió un buen mordisco lado uno tres problemas con animales guardabosques cerrados cortos guías de buceadores genial nos llevó áreas snorkel snorkel más cerca paz área pequeña en su mayoría leones juveniles uno nada todavía una experiencia realmente increíble isla fantástica ver vista general área principal leones espectaculares aventuras de buceo paz guías compañías agradable conocedor muy recomendado,,el día se fue esperando nadar leones guardaparques por primera vez decidió gente nadar leones guía del área protegida dijo tiempos de snorkeling sin problemas de días aparentemente pasados machos grandes buceadores frente al agua aparentemente una persona consiguió un buen mordisco lado uno tres problemas con animales guardabosques cerrados cortos guías de buceadores genial nos llevó áreas snorkel snorkel más cerca paz área pequeña en su mayoría leones juveniles uno nada todavía una experiencia realmente increíble isla fantástica ver vista general área principal leones espectaculares aventuras de buceo paz guías compañías agradable conocedor muy recomendado,96,False,es,es,esperar nadar león guardaparques decidir gente nadar león guía del área protegido decir tiempo snorkeling problema aparentemente pasado macho grande buceador frente agua aparentemente persona conseguir bueno mordisco lado problema animal guardabosque cerrar corto guía buceador genial llevar área snorkel snorkel cerca paz área pequeño mayoría león juvenil nada experiencia realmente increíble isla fantástico ver vista general área principal león espectacular aventura buceo paz guía compañía agradable conocedor recomendado,69
La Paz,,trip,,Exploramos las playas de la isla. El capitán de aventuras en barco privado nos mostró muchos sitios que nos dieron una historia increíble. Isla de EE. UU. Mucha vida difícil. Ver un día.,,exploramos las playas de la isla el capitán de aventuras en barco privado nos mostró muchos sitios que nos dieron una historia increíble isla de ee uu mucha vida difícil ver un día,33,False,es,es,explorar playa isla capitán aventura barco privado mostrar sitio dar historia increíble isla vida difícil ver,16
La Paz,,trip,,increíble viaje de un día sombrero protector solar ir cosa favorita nadar leones juguetón increíble hay que pensarlo enfriador de agua buenos minutos sin traje de neopreno,,increíble viaje de un día sombrero protector solar ir cosa favorita nadar leones juguetón increíble hay que pensarlo enfriador de agua buenos minutos sin traje de neopreno,27,False,es,es,increíble viaje sombrero protector solar favorito nadar león juguetón increíble pensarlo enfriador agua bueno minuto traje neopreno,17
La Paz,,trip,,Recomendaría encarecidamente equipo para viajes deportivos excelente ambiente de seguridad personal excelente todo podría hacer que la excursión sea memorable,,recomendaría encarecidamente equipo para viajes deportivos excelente ambiente de seguridad personal excelente todo podría hacer que la excursión sea memorable,20,False,es,es,recomendar encarecidamente equipo viaje deportivo excelente ambiente seguridad personal excelente poder excursión sea memorable,14
La Paz,,trip,,lugar familia lugar increíble snorkel nadar relajarse sol vistas espectaculares definitivamente lugar visitar áreas de camping,,lugar familia lugar increíble snorkel nadar relajarse sol vistas espectaculares definitivamente lugar visitar áreas de camping,16,False,es,es,familia increíble snorkel nadar relajarse sol vista espectacular definitivamente visitar área camping,12
La Paz,,trip,,mejor comenzar explicar buena comida estrella tres gran día bucear tiburones ballena leones kayak vientos fuertes limitados el personal encontró muchas cosas pareja hermosas caminatas personal conocimiento local,,mejor comenzar explicar buena comida estrella tres gran día bucear tiburones ballena leones kayak vientos fuertes limitados el personal encontró muchas cosas pareja hermosas caminatas personal conocimiento local,28,False,es,es,mejor comenzar explicar bueno comida estrella gran bucear tiburón ballena león kayak viento fuerte limitar personal encontrar pareja hermoso caminata personal conocimiento local,23
La Paz,,trip,,vive a dos horas de distancia paz intenta hacer el viaje espíritu santo menos veces al año aunque lo hayas hecho docenas de veces nadar leones una de las cosas favoritas hacer snorkel nada como una isla impresionante playas hermosas mundo muchas opciones de opciones ir diferente siempre ir más pequeño barco llamado isla completo plan súper panga agregar propina,,vive a dos horas de distancia paz intenta hacer el viaje espíritu santo menos veces al año aunque lo hayas hecho docenas de veces nadar leones una de las cosas favoritas hacer snorkel nada como una isla impresionante playas hermosas mundo muchas opciones de opciones ir diferente siempre ir más pequeño barco llamado isla completo plan súper panga agregar propina,60,False,es,es,vivar hora distancia paz intentar viaje espíritu santo haya docena nadar león favorito snorkel nada isla impresionante playa hermoso mundo opción opción diferente pequeño barco llamado isla completo plan súper panga agregar propina,33
La Paz,,trip,,extraordinario nadar jugar agua pequeños leones guía de aventuras se aseguró de que sea seguro disfrutar de la interacción leones cerca posible tomó fotografías inolvidables agua,,extraordinario nadar jugar agua pequeños leones guía de aventuras se aseguró de que sea seguro disfrutar de la interacción leones cerca posible tomó fotografías inolvidables agua,26,False,es,es,extraordinario nadar jugar agua pequeño león guía aventura asegurar sea seguro disfrutar interacción león cerca posible tomar fotografía inolvidable agua,20
La Paz,,trip,,horas de crucero nosotros paz recorrido rápido los barcos toman dos horas de camino a menudo anclan dentro de la bahía camino nocturno ballena manchada gigante docenas de calas arrecifes buen snorkel pesca crucero fácilmente paz saliendo del fondeadero acompañado saltando mantarrayas navegando lentamente encuentro de vida pez volador tortugas leones,,horas de crucero nosotros paz recorrido rápido los barcos toman dos horas de camino a menudo anclan dentro de la bahía camino nocturno ballena manchada gigante docenas de calas arrecifes buen snorkel pesca crucero fácilmente paz saliendo del fondeadero acompañado saltando mantarrayas navegando lentamente encuentro de vida pez volador tortugas leones,51,False,es,es,hora crucero paz recorrido rápido barco tomar hora camino menudo anclar dentrar bahía camino nocturno ballena manchar gigante docena cala arrecife bueno snorkel pesca crucero fácilmente paz salir del fondeadero acompañar saltar mantarrayas navegar lentamente encuentro vida pez volador tortuga león,41
La Paz,,trip,,nadamos jugando leones área realmente increíble limpio turistas mimados los leones parecen importarnos los cachorros en realidad jugaron con nosotros como si el perro guiara bien mostrándonos interactuar con los cachorros,,nadamos jugando leones área realmente increíble limpio turistas mimados los leones parecen importarnos los cachorros en realidad jugaron con nosotros como si el perro guiara bien mostrándonos interactuar con los cachorros,31,False,es,es,nadar jugar león área realmente increíble limpio turista mimar león parecer importarnos cachorro realidad jugar perro guiar mostrándonos interactuar cachorro,20
La Paz,,trip,,Gran viaje al lugar Me encantaron numerosas bahías para hacer snorkel. Buenos lugares para hacer caminatas. Excelentes oportunidades para ver leones. Rayas mobula.,,gran viaje al lugar me encantaron numerosas bahías para hacer snorkel buenos lugares para hacer caminatas excelentes oportunidades para ver leones rayas mobula,23,False,es,es,gran viaje encantar numeroso bahía snorkel bueno caminata excelente oportunidad ver león raya mobula,14
La Paz,,trip,,"El recorrido incluye tiburón ballena, nado, cachorros de león, increíble, genial, ver, nadar, cara, ojos, dardo, almuerzo, isla, también, un buen regalo.",,el recorrido incluye tiburón ballena nado cachorros de león increíble genial ver nadar cara ojos dardo almuerzo isla también un buen regalo,22,False,es,es,recorrido incluir tiburón ballena nadar cachorro león increíble genial ver nadar cara ojo dardo almuerzo isla bueno regalo,18
La Paz,,trip,,gran lugar hacer recorrido excelente variedad paisaje visto bien bote muchas cosas maravillosas ver hacer recorrido gran trabajo encontrar cosas interesantes explicadas vida variada de animales,,gran lugar hacer recorrido excelente variedad paisaje visto bien bote muchas cosas maravillosas ver hacer recorrido gran trabajo encontrar cosas interesantes explicadas vida variada de animales,26,False,es,es,gran recorrido excelente variedad paisaje vestir bote maravilloso ver recorrido gran trabajo encontrar interesante explicar vida variar animal,18
La Paz,,trip,,"asegúrese de reservar el barco, llegar a la isla, tomar un día completo en las playas, una oportunidad encantadora para nadar con leones, uno quiere pasar, agua fría, sugeriría traje de neopreno, varias compañías hacen un viaje local, dijeron que se ofrecía un día similar posible.",,asegúrese de reservar el barco llegar a la isla tomar un día completo en las playas una oportunidad encantadora para nadar con leones uno quiere pasar agua fría sugeriría traje de neopreno varias compañías hacen un viaje local dijeron que se ofrecía un día similar posible,46,False,es,es,asegúrese reservar barco llegar isla tomar completo playa oportunidad encantador nadar león querer pasar agua frío sugerir traje neopreno variar compañía hacer viaje local decir ofrecer similar posible,28
La Paz,,trip,,tour organizado playa isla santo guía conocedor hablaba inglés viaje agradable español inglés buceó con snorkel leones bebé ceviche servido playa cercana delicioso,,tour organizado playa isla santo guía conocedor hablaba inglés viaje agradable español inglés buceó con snorkel leones bebé ceviche servido playa cercana delicioso,23,False,es,es,tour organizar playa isla santo guía conocedor hablar inglés viaje agradable español inglés bucear snorkel león bebé ceviche servir playa cercano delicioso,22
La Paz,,trip,,La familia realizó recorridos. Me encantó el espectáculo. Tour de un día por la mañana. Obtenga un buen precio. Recomiendo pagar el barco total pagado. Día completo. Los niños adultos recibieron mascotas. Los leones toman el bote alrededor de la isla. El agua clara también se detuvo. Un maravilloso almuerzo en la playa. A los niños les encantó el viaje.,,la familia realizó recorridos me encantó el espectáculo tour de un día por la mañana obtenga un buen precio recomiendo pagar el barco total pagado día completo los niños adultos recibieron mascotas los leones toman el bote alrededor de la isla el agua clara también se detuvo un maravilloso almuerzo en la playa a los niños les encantó el viaje,60,True,es,otro,,0
La Paz,,trip,,maravilloso día paseo en bote paisaje snorkel leones marinos vale la pena reservar el tour pasar el día agua guía turístico conocedor de la historia área vida silvestre bastante frío trajes de neopreno alquilados trajes cortos de verano completos harían que el agua se detuviera hermosa pequeña playa almuerzo tardío ceviche refrescos contento capas cálidas viaje de regreso viaje de regreso prácticamente agua tomando paisajes genial estar esperando ir día de la isla,,maravilloso día paseo en bote paisaje snorkel leones marinos vale la pena reservar el tour pasar el día agua guía turístico conocedor de la historia área vida silvestre bastante frío trajes de neopreno alquilados trajes cortos de verano completos harían que el agua se detuviera hermosa pequeña playa almuerzo tardío ceviche refrescos contento capas cálidas viaje de regreso viaje de regreso prácticamente agua tomando paisajes genial estar esperando ir día de la isla,73,False,es,es,maravilloso paseo bote paisaje snorkel león marino vale pena reservar tour pasar agua guía turístico conocedor historia área vida silvestre frío traje neopreno alquilar traje corto verano completo hacer agua detener hermoso pequeño playa almuerzo tardío ceviche refresco contento capa cálido viaje regreso viaje regreso prácticamente agua tomar paisaje genial esperar isla,52
La Paz,,trip,,colores agua tierra increíble parece colores del gran cañón invierno pequeños días ventosos senderos para kayak caminata isla parque protegido tal vez sería bueno ver la isla kayak de agua genial agradable ver peces pájaros leones,,colores agua tierra increíble parece colores del gran cañón invierno pequeños días ventosos senderos para kayak caminata isla parque protegido tal vez sería bueno ver la isla kayak de agua genial agradable ver peces pájaros leones,36,False,es,es,colorar agua tierra increíble parecer colorar del gran cañón invierno pequeño ventoso sendero kayak caminata isla parque protegido tal ser bueno ver isla kayak agua genial agradable ver pecar pájaro león,31
La Paz,,trip,,hicimos un recorrido recorrimos la isla un lugar increíble prístinos leones nadando salvajes una experiencia increíble,,hicimos un recorrido recorrimos la isla un lugar increíble prístinos leones nadando salvajes una experiencia increíble,16,False,es,es,hacer recorrido recorrer isla increíble prístino león nadar salvaje experiencia increíble,11
La Paz,,trip,,use baja razonable excelente guía capitán profesional leones nadadores van mal,,use baja razonable excelente guía capitán profesional leones nadadores van mal,11,False,otro,es,usar baja razonable excelente guía capitán profesional león nadador ir,10
La Paz,,trip,,hermosa playa de arena blanca agua azul increible hermosa debe visitar paz,,hermosa playa de arena blanca agua azul increible hermosa debe visitar paz,12,False,es,es,hermoso playa arena blanco agua azul increible hermoso debe visitar paz,11
La Paz,,trip,,Hicimos una excursión de un día por las islas. Guía maravilloso. Conocedor y amigable. Geología. Vida marina. Esnórquel realmente impresionante. Los leones aman a todos los demás. Gran miedo. Debes tener paz. Traer chaqueta.,,hicimos una excursión de un día por las islas guía maravilloso conocedor y amigable geología vida marina esnórquel realmente impresionante los leones aman a todos los demás gran miedo debes tener paz traer chaqueta,34,False,es,es,hacer excursión isla guía maravilloso conocedor amigable geología vida marina esnórquel realmente impresionante león amar demás gran miedo debe paz traer chaqueta,22
La Paz,,trip,,experiencia increíble belleza agua kayak día playa de arena blanca agua turquesa comida maravillosa bebida,,experiencia increíble belleza agua kayak día playa de arena blanca agua turquesa comida maravillosa bebida,15,False,es,es,experiencia increíble belleza agua kayak playa arena blanco agua turquesa comida maravilloso bebida,13
La Paz,,trip,,isla increíblemente hermosa nadada leones una de las mejores experiencias vive,,isla increíblemente hermosa nadada leones una de las mejores experiencias vive,11,False,es,es,isla increíblemente hermoso nadar león mejorar experiencia vivar,8
La Paz,,trip,,"Un lugar fantástico que cada vez que visita ofrece experiencias diferentes, el agua, la vida abundante, las playas traen",,un lugar fantástico que cada vez que visita ofrece experiencias diferentes el agua la vida abundante las playas traen,19,False,es,es,fantástico visita ofrecer experiencia diferente agua vida abundante playa traer,10
La Paz,,trip,,playas impresionantes paisajes espectaculares snorkel leones corales el mejor día viaje a baja también tiburón ballena rumbo a la isla fácil organización malecón muchos barcos esperando pesos de negocios viaje privado día completo incluyendo la isla de los tiburones ballena,,playas impresionantes paisajes espectaculares snorkel leones corales el mejor día viaje a baja también tiburón ballena rumbo a la isla fácil organización malecón muchos barcos esperando pesos de negocios viaje privado día completo incluyendo la isla de los tiburones ballena,40,False,es,es,playa impresionante paisaje espectacular snorkel león coral mejor viaje baja tiburón ballena rumbo isla fácil organización malecón barco esperar peso negocio viaje privado completo incluir isla tiburón ballena,28
La Paz,,trip,,"Me encantó bucear, nadar, los leones hicieron la paloma del día. Disfruté todo, bucear de regreso.",,me encantó bucear nadar los leones hicieron la paloma del día disfruté todo bucear de regreso,16,False,es,es,encantar bucear nadar león hacer paloma del disfrutar bucear regreso,10
La Paz,,trip,,tour pensar tomar tour isla espíritu santo considerar mejores guías respetar la naturaleza cómodo feliz saber cuidar ambiente,,tour pensar tomar tour isla espíritu santo considerar mejores guías respetar la naturaleza cómodo feliz saber cuidar ambiente,18,False,es,es,tour pensar tomar tour isla espíritu santo considerar mejorar guía respetar naturaleza cómodo feliz saber cuidar ambiente,17
La Paz,,trip,,debes ver baja hermosas aguas gran vida ver león tarde,,debes ver baja hermosas aguas gran vida ver león tarde,10,False,otro,es,debe ver baja hermoso agua gran vida ver león tarde,10
La Paz,,trip,,"Hicimos un recorrido con guía de Baja, maravilloso e informativo, aves enteras, focas, interesante área recomendada para bucear, gran experiencia.",,hicimos un recorrido con guía de baja maravilloso e informativo aves enteras focas interesante área recomendada para bucear gran experiencia,20,False,es,es,hacer recorrido guía baja maravilloso informativo ave enterar foca interesante área recomendado bucear gran experiencia,15
La Paz,,trip,,Pasé dos días gloriosos buceando isla espíritu santo miss dove fun baja lo recomiendo bastante,,pasé dos días gloriosos buceando isla espíritu santo miss dove fun baja lo recomiendo bastante,15,False,otro,es,pasar glorioso bucear isla espíritu santo miss dove fun baja recomendar,11
La Paz,,trip,,hermosa isla vistas espectaculares playas agua clara hermoso azul capaz de ver muchos peces nadando afortunado también podría ver tortugas sentidas paraíso debe paz seguro,,hermosa isla vistas espectaculares playas agua clara hermoso azul capaz de ver muchos peces nadando afortunado también podría ver tortugas sentidas paraíso debe paz seguro,25,False,es,es,hermoso isla vista espectacular playa agua clara hermoso azul capaz ver pecar nadar afortunado poder ver tortuga sentir paraíso debe paz seguro,22
La Paz,,trip,,viaje baja decidido probar espíritu santo caro reservar realmente aventuras vida real tiendas de campaña real nos alimentó desayuno almuerzo cena hora feliz comida buen barco recorrería la isla nadar focas snorkel también remar kayaks tratar como agua caliente ayuda recomendaría familias,,viaje baja decidido probar espíritu santo caro reservar realmente aventuras vida real tiendas de campaña real nos alimentó desayuno almuerzo cena hora feliz comida buen barco recorrería la isla nadar focas snorkel también remar kayaks tratar como agua caliente ayuda recomendaría familias,42,True,es,otro,,0
La Paz,,trip,,tours usados ​​ir isla capitán barco conocedor profesional divertido le gustó hecho barcos gente viaje cómodo ceviche fresco bien hecho lo recomendaría a cualquiera,,tours usados ir isla capitán barco conocedor profesional divertido le gustó hecho barcos gente viaje cómodo ceviche fresco bien hecho lo recomendaría a cualquiera,24,False,otro,es,tour usarse isla capitán barco conocedor profesional divertir gustar barco gente viaje cómodo ceviche fresco recomendar cualquiera,17
La Paz,,trip,,A veces es necesario que la madre naturaleza nos dé seguir visitando el lugar. La forma de vida se recomienda encarecidamente. Ir a reservar excursiones. Venir. La paz. Toma más tiempo. Visita una isla lateral. Barcos alquilados. Familias.,,a veces es necesario que la madre naturaleza nos dé seguir visitando el lugar la forma de vida se recomienda encarecidamente ir a reservar excursiones venir la paz toma más tiempo visita una isla lateral barcos alquilados familias,38,False,es,es,necesario madre naturaleza seguir visitar vida recomendar encarecidamente reservar excursión venir paz toma tiempo visita isla lateral barco alquilar familia,20
La Paz,,trip,,focas maravillosas nadamos bebés adivina tal vez pequeñas lindas divertidas agua fantásticas,,focas maravillosas nadamos bebés adivina tal vez pequeñas lindas divertidas agua fantásticas,12,False,otro,es,foca maravilloso nadar bebé adivinar tal pequeño lindar divertir agua fantástico,11
La Paz,,trip,,isla agradable sin embargo diferentes paradas playa islas increíble ver realmente único disfrutar mirando diversidad marina también ir corto protector solar amable sol agradable arena agua clara piel,,isla agradable sin embargo diferentes paradas playa islas increíble ver realmente único disfrutar mirando diversidad marina también ir corto protector solar amable sol agradable arena agua clara piel,28,False,es,es,isla agradable embargo diferente parada playa isla increíble ver realmente único disfrutar mirar diversidad marina corto protector solar amable sol agradable arena agua clara piel,25
La Paz,,trip,,colocar muchas cosas problema camino barco cosas buenas viajar barco probablemente ver algo camino delfines ballenas,,colocar muchas cosas problema camino barco cosas buenas viajar barco probablemente ver algo camino delfines ballenas,16,False,otro,es,colocar problema camino barco bueno viajar barco probablemente ver algo camino delfín ballena,13
La Paz,,trip,,hora de paseo en bote paz listo el agua puede enfriar el mejor momento leones reproduciéndose todavía maravilloso buceo vio muchos peces incluso manta,,hora de paseo en bote paz listo el agua puede enfriar el mejor momento leones reproduciéndose todavía maravilloso buceo vio muchos peces incluso manta,24,False,es,es,hora paseo bote paz listo agua poder enfriar mejor león reproducirse maravilloso buceo ver pecar incluso manta,17
La Paz,,trip,,visité varias bahías isla espíritu santo alquiler de barcos barcos paz hacer excursiones de un día lugar fantástico nadar snorkel senderismo kayak agua hermosa primera visita lugar como el paraíso mucho ver semana tranquilo aislado pero cerca paz lugar perfecto,,visité varias bahías isla espíritu santo alquiler de barcos barcos paz hacer excursiones de un día lugar fantástico nadar snorkel senderismo kayak agua hermosa primera visita lugar como el paraíso mucho ver semana tranquilo aislado pero cerca paz lugar perfecto,40,False,es,es,visitar variar bahía isla espíritu santo alquiler barco barco paz excursión fantástico nadar snorkel senderismo kayak agua hermoso visita paraíso ver semana tranquilo aislar cerca paz perfecto,27
La Paz,,trip,,"Hicimos una excursión de un día a Baja. Nos encantó cada minuto, nos guió por la isla y nos brindó información brillante. Área histórica. Hice snorkel entre los mejores peces. Visto leones. Agua. Una experiencia impresionante.",,hicimos una excursión de un día a baja nos encantó cada minuto nos guió por la isla y nos brindó información brillante área histórica hice snorkel entre los mejores peces visto leones agua una experiencia impresionante,36,False,es,es,hacer excursión baja encantar minuto guiar isla brindar información brillante área histórico hacer snorkel mejorar pecar vestir león agua experiencia impresionante,21
La Paz,,trip,,compañía de viaje experiencia realmente placentera día lugares de aventura snorkeling almuerzo playa definitivamente,,compañía de viaje experiencia realmente placentera día lugares de aventura snorkeling almuerzo playa definitivamente,14,False,es,es,compañía viaje experiencia realmente placentero aventura snorkeling almuerzo playa definitivamente,10
La Paz,,trip,,viaje de un día personas incluidas vistas cercanas isla espíritu santo terminado de hacer snorkel focas jóvenes peces de colores a lo largo de la roca almuerzo playa se acercó personal variedad de aves gran viaje gran guía,,viaje de un día personas incluidas vistas cercanas isla espíritu santo terminado de hacer snorkel focas jóvenes peces de colores a lo largo de la roca almuerzo playa se acercó personal variedad de aves gran viaje gran guía,38,False,es,es,viaje persona incluir vista cercano isla espíritu santo terminar snorkel foca joven pecar colorar largo roca almuerzo playa acercar personal variedad ave gran viaje gran guía,26
La Paz,,trip,,kayak día camping playa noche incluso día visita lugar donde vale la pena pasar la noche playas ofrece un excelente recorrido paz,,kayak día camping playa noche incluso día visita lugar donde vale la pena pasar la noche playas ofrece un excelente recorrido paz,22,False,es,es,kayak camping playa noche incluso visita vale pena pasar noche playa ofrecer excelente recorrido paz,15
La Paz,,trip,,tomó autobús malecón paz playa ida y vuelta tomó minutos autobús cada hora pregunte al conductor horario playa antes hermosa relajante comida bebida disponible pesos día sillas pensar paseo espíritu santo mirar alrededor considerar largo minuto paseo en bote camino suave mejor también parar autobús bajo algo mencionar mejor playa sierra baja,,tomó autobús malecón paz playa ida y vuelta tomó minutos autobús cada hora pregunte al conductor horario playa antes hermosa relajante comida bebida disponible pesos día sillas pensar paseo espíritu santo mirar alrededor considerar largo minuto paseo en bote camino suave mejor también parar autobús bajo algo mencionar mejor playa sierra baja,52,True,es,otro,,0
La Paz,,trip,,casi diez años desde la última visita preguntado tomó mucho tiempo jugando leones lugar muy conocido viaje destacado del mundo ojos enormes mirando otro arco para nadar bajo el agua pez rodeado otro punto destacado final de playa de arena blanca virgen hermosa excursión de un día,,casi diez años desde la última visita preguntado tomó mucho tiempo jugando leones lugar muy conocido viaje destacado del mundo ojos enormes mirando otro arco para nadar bajo el agua pez rodeado otro punto destacado final de playa de arena blanca virgen hermosa excursión de un día,47,False,es,es,diez último visita preguntar tomar tiempo jugar león conocido viaje destacar del mundo ojo enorme mirar arco nadar agua pez rodear punto destacar final playa arena blanco virgen hermoso excursión,30
La Paz,,trip,,little tour guides provide good pups get little playful nip,,little tour guides provide good pups get little playful nip,10,False,en,otro,tour guides provide pups get playful nip,7
La Paz,,trip,,hizo un tour de snorkel la compañía nos recogió y nos llevó paz paz consiguió el equipo de snorkel cruzó disfrutado del paseo en bote un minuto de viaje en bote isla santo paz me alegro de haber hecho snorkel isla santo vi peces tropicales peces estrella,,hizo un tour de snorkel la compañía nos recogió y nos llevó paz paz consiguió el equipo de snorkel cruzó disfrutado del paseo en bote un minuto de viaje en bote isla santo paz me alegro de haber hecho snorkel isla santo vi peces tropicales peces estrella,47,False,es,es,hacer tour snorkel compañía recoger llevar paz paz conseguir equipo snorkel cruzar disfrutar del paseo bote minuto viaje bote isla santo paz alegro snorkel isla santo pecar tropical pecar estrella,30
La Paz,,trip,,lugar maravilloso visitar agua tranquila y clara del océano parque nacional protegido recorrido por la isla parada de barco dos playas snorkel sierra leones marinos cerrar vale la pena horas conducir olvidar experiencia maravillosa viaje familias niños menos años recorrido de un día,,lugar maravilloso visitar agua tranquila y clara del océano parque nacional protegido recorrido por la isla parada de barco dos playas snorkel sierra leones marinos cerrar vale la pena horas conducir olvidar experiencia maravillosa viaje familias niños menos años recorrido de un día,43,False,es,es,maravilloso visitar agua tranquilo clara del océano parque nacional protegido recorrido isla parada barco playa snorkel sierra león marino cerrar vale pena hora conducir olvidar experiencia maravilloso viaje familia niño recorrido,31
La Paz,,trip,,muchas maneras de ver la isla espíritu santo definitivamente recomiendo encontrar uno incluye actividades quiero nadar leones almorzar hermosa playa andar en kayak ver tortugas consiguieron snorkel arrecife sorprendido número pez tropical vi nadando leones agua clara abundante hermoso pez agua fría asegúrese de ponerse traje de neopreno también cerca de la playa pies agua pequeñas rayas guía dijo picado tres veces viaje de un día viaje de por vida familia altamente recomendado,,muchas maneras de ver la isla espíritu santo definitivamente recomiendo encontrar uno incluye actividades quiero nadar leones almorzar hermosa playa andar en kayak ver tortugas consiguieron snorkel arrecife sorprendido número pez tropical vi nadando leones agua clara abundante hermoso pez agua fría asegúrese de ponerse traje de neopreno también cerca de la playa pies agua pequeñas rayas guía dijo picado tres veces viaje de un día viaje de por vida familia altamente recomendado,73,False,es,es,manera ver isla espíritu santo definitivamente recomendar encontrar incluir actividad querer nadar león almorzar hermoso playa andar kayak ver tortuga conseguir snorkel arrecife sorprender número pez tropical nadar león agua clara abundante hermoso pez agua frío asegúrese ponerse traje neopreno cerca playa pie agua pequeño raya guía decir picado viaje viaje vida familia altamente recomendado,55
La Paz,,trip,,fue baja aventuras al aire libre isla preservada playas escondidas isla senderos de belleza preservada recorrido limitado ya sea un día a la semana acantilados playas rocas vida silvestre increíble,,fue baja aventuras al aire libre isla preservada playas escondidas isla senderos de belleza preservada recorrido limitado ya sea un día a la semana acantilados playas rocas vida silvestre increíble,30,False,es,es,baja aventura aire libre isla preservar playa esconder isla sendero belleza preservar recorrido limitar sea semana acantilado playa roca vida silvestre increíble,22
La Paz,,trip,,nadar leones ballenas uno nos apareció nos vio haciendo snorkel encantadores lugares para practicar snorkel bahías prístinas puestas de sol espectaculares mejor visitadas viento fuerte oleaje fuera de las bahías bastante,,nadar leones ballenas uno nos apareció nos vio haciendo snorkel encantadores lugares para practicar snorkel bahías prístinas puestas de sol espectaculares mejor visitadas viento fuerte oleaje fuera de las bahías bastante,31,False,es,es,nadar león ballena aparecer ver hacendar snorkel encantador practicar snorkel bahía prístino puesta sol espectacular mejor visitar viento fuerte oleaje ser bahía,22
La Paz,,trip,,Maravillosa isla en barco Muchas playas de arena desiertas Aguas turquesas Se siente como si hubiera mucha vida haciendo snorkel.,,maravillosa isla en barco muchas playas de arena desiertas aguas turquesas se siente como si hubiera mucha vida haciendo snorkel,20,False,es,es,maravilloso isla barco playa arena desierto agua turquesa sentar haber vida hacendar snorkel,13
La Paz,,trip,,creo que debe perderse la excursión podría ser mejor el día bastante ventoso agua fría hacer snorkel mejor sierra de agua ballenas jorobadas delfines leones increíble belleza geológica también buen momento gente barco,,creo que debe perderse la excursión podría ser mejor el día bastante ventoso agua fría hacer snorkel mejor sierra de agua ballenas jorobadas delfines leones increíble belleza geológica también buen momento gente barco,33,False,es,es,crear debe perderse excursión poder mejor ventoso agua frío snorkel mejor sierra agua ballena jorobado delfín león increíble belleza geológico bueno gente barco,23
La Paz,,trip,,Pasé el día divertido baja buceo experiencia de leones leones juveniles orilla almuerzo camino de regreso baja gran día agua,,pasé el día divertido baja buceo experiencia de leones leones juveniles orilla almuerzo camino de regreso baja gran día agua,20,False,es,es,pasar divertir baja buceo experiencia león león juvenil orilla almuerzo camino regreso baja gran agua,15
La Paz,,trip,,maravilloso viaje que vale la pena ir a la paz hacer un recorrido por la isla santo,,maravilloso viaje que vale la pena ir a la paz hacer un recorrido por la isla santo,17,False,es,es,maravilloso viaje vale pena paz recorrido isla santo,8
La Paz,,trip,,excursión de un día espíritu baja espíritu santo increíble aventura paseo en bote hermoso área de historia completa experiencia de leones nadando criaturas curiosas y juguetonas incluso capaz de ver dos ballenas regreso en bote paseo a casa experiencia mágica hecha todo el día,,excursión de un día espíritu baja espíritu santo increíble aventura paseo en bote hermoso área de historia completa experiencia de leones nadando criaturas curiosas y juguetonas incluso capaz de ver dos ballenas regreso en bote paseo a casa experiencia mágica hecha todo el día,44,False,es,es,excursión espíritu baja espíritu santo increíble aventura paseo bote hermoso área historia completar experiencia león nadar criatura curioso juguetón incluso capaz ver ballena regreso bote paseo casa experiencia mágico hacer,30
La Paz,,trip,,fue excursión espíritu baja compañía de viajes alrededor de la isla mucha reserva personas permitidas entrar a la costa hermosa combinación acantilados cuevas playas de arena nadamos nadamos con snorkel colonia de leones aprendí isla nativa,,fue excursión espíritu baja compañía de viajes alrededor de la isla mucha reserva personas permitidas entrar a la costa hermosa combinación acantilados cuevas playas de arena nadamos nadamos con snorkel colonia de leones aprendí isla nativa,36,False,es,es,excursión espíritu baja compañía viaje alrededor isla reserva persona permitir entrar costa hermoso combinación acantilado cueva playa arena nadar nadar snorkel colonia león aprender isla nativo,26
La Paz,,trip,,recorrer la isla experiencia verdaderamente mundial aguas claras cargas de aves vida marina playas isla uno de los mejores lugares visitados viaje me encantaría acampar noches permitidas operadores costosos el próximo viaje,,recorrer la isla experiencia verdaderamente mundial aguas claras cargas de aves vida marina playas isla uno de los mejores lugares visitados viaje me encantaría acampar noches permitidas operadores costosos el próximo viaje,32,False,es,es,recorrer isla experiencia verdaderamente mundial agua clara carga ave vida marina playa isla mejorar visitar viaje encantar acampar noche permitir operador costoso próximo viaje,24
La Paz,,trip,,"Pasé el día buceando alrededor de Espíritu Santo, lo pasamos genial, tipos de vida local, se encuentran fácilmente, vimos rayos, fragatas, tortugas, nadamos, leones, exploramos los arrecifes de coral, almuerzo, tienda de campaña, acampamos, corremos, baja, hermosa playa, gran día.",,pasé el día buceando alrededor de espíritu santo lo pasamos genial tipos de vida local se encuentran fácilmente vimos rayos fragatas tortugas nadamos leones exploramos los arrecifes de coral almuerzo tienda de campaña acampamos corremos baja hermosa playa gran día,40,True,es,otro,,0
La Paz,,trip,,una familia de cuatro hizo una excursión paz buceó con leones juguetones nadó a la derecha cangrejos en abundancia escuelas peces fue otra colonia de leones leones entusiastas hermosas playas agua clara,,una familia de cuatro hizo una excursión paz buceó con leones juguetones nadó a la derecha cangrejos en abundancia escuelas peces fue otra colonia de leones leones entusiastas hermosas playas agua clara,32,False,es,es,familia hacer excursión paz bucear león juguetón nadar derecha cangrejo abundancia escuela pecar colonia león león entusiasta hermoso playa agua clara,21
La Paz,,trip,,isla visitada sorprendido abundante avifauna muchas especies criando agua cristalina genial kayak naturaleza la mejor manera posible,,isla visitada sorprendido abundante avifauna muchas especies criando agua cristalina genial kayak naturaleza la mejor manera posible,17,False,es,es,isla visitar sorprender abundante avifauna especie criar agua cristalino genial kayak naturaleza mejor posible,14
La Paz,,trip,,hicimos un recorrido espiritu baja tours paseo en bote comenzó frente a la playa oficina de turismo malecón paz el viaje comenzó duró horas barco gente tripulación isla en realidad dos islas sierra pequeña variedad formaciones rocosas muchas aves piqueros de patas azules colonias de focas favoritas guía conocedor girado paz marina recorrido destacado supuesto nadando leones leones nadaron ver agua turbia fuerte corriente hecho área de exploración poco parado almuerzo bonita playa arena caminar agua aguas poco profundas camino de regreso vio dos ballenas jorobadas cerrar bote,,hicimos un recorrido espiritu baja tours paseo en bote comenzó frente a la playa oficina de turismo malecón paz el viaje comenzó duró horas barco gente tripulación isla en realidad dos islas sierra pequeña variedad formaciones rocosas muchas aves piqueros de patas azules colonias de focas favoritas guía conocedor girado paz marina recorrido destacado supuesto nadando leones leones nadaron ver agua turbia fuerte corriente hecho área de exploración poco parado almuerzo bonita playa arena caminar agua aguas poco profundas camino de regreso vio dos ballenas jorobadas cerrar bote,88,False,es,es,hacer recorrido espiritu baja tour paseo bote comenzar frente playa oficina turismo malecón paz viaje comenzar durar hora barco gente tripulación isla realidad isla sierra pequeño variedad formación rocoso ave piqueros pata azular colonia foca favorito guía conocedor girar paz marina recorrido destacar supuesto nadar león león nadar ver agua turbia fuerte corriente área exploración parado almuerzo bonito playa arena caminar agua agua profundar camino regreso ver ballena jorobado cerrar bote,71
La Paz,,trip,,hermoso lugar aguas cristalinas aguas azules playas de arena blanca definitivamente viaje asegúrese de nadar leones,,hermoso lugar aguas cristalinas aguas azules playas de arena blanca definitivamente viaje asegúrese de nadar leones,16,False,es,es,hermoso agua cristalino agua azular playa arena blanco definitivamente viaje asegúrese nadar león,13
La Paz,,trip,,hermosa isla contento desarrollo del gobierno isla todo isla maravillosa clara cálida agua azul hermosas playas acantilados rosados ​​fragatas increíble vida vegetal,,hermosa isla contento desarrollo del gobierno isla todo isla maravillosa clara cálida agua azul hermosas playas acantilados rosados fragatas increíble vida vegetal,22,False,es,es,hermoso isla contento desarrollo del gobierno isla isla maravilloso clara cálido agua azul hermoso playa acantilado rosado fragata increíble vida vegetal,21
La Paz,,trip,,maravilla natural cerca paz llegar barco paz kayak sueño disfrutado local ido excelente nadar leones observar rayas saltar combinado belleza islas excelente manera pasar día semana,,maravilla natural cerca paz llegar barco paz kayak sueño disfrutado local ido excelente nadar leones observar rayas saltar combinado belleza islas excelente manera pasar día semana,26,False,otro,es,maravilla natural cerca paz llegar barco paz kayak sueño disfrutar local ir excelente nadar león observar raya saltar combinado belleza isla excelente pasar semana,24
La Paz,,trip,,veces los últimos años siempre gestionar ver descubrir nuevas tortugas especiales cala tranquila isla de roca volcánica escondida noches frescas joya para acampar,,veces los últimos años siempre gestionar ver descubrir nuevas tortugas especiales cala tranquila isla de roca volcánica escondida noches frescas joya para acampar,23,False,es,es,último gestionar ver descubrir nueva tortuga especial cala tranquilo isla roca volcánico esconder noche fresco joya acampar,17
La Paz,,trip,,"Me encantó el recorrido, asegúrese de planificar el viaje, agua tranquila, use el viento, lo más destacado del viaje.",,me encantó el recorrido asegúrese de planificar el viaje agua tranquila use el viento lo más destacado del viaje,19,False,es,es,encantar recorrido asegúrese planificar viaje agua tranquilo usar viento destacar del viaje,12
La Paz,,trip,,Perdí bastantes oportunidades de paseo en bote ver oportunidad fantástica hacer snorkel leones como colores jugar uno jugando estrella de mar isla perfecta playa hermoso pozo colores acantilados único,,perdí bastantes oportunidades de paseo en bote ver oportunidad fantástica hacer snorkel leones como colores jugar uno jugando estrella de mar isla perfecta playa hermoso pozo colores acantilados único,29,False,es,es,perder bastante oportunidad paseo bote ver oportunidad fantástico snorkel león colorar jugar jugar estrella mar isla perfecto playa hermoso pozo colorar acantilado único,23
La Paz,,trip,,isla recorrida barco inicio guía turístico historia informativa isla incluyendo perla isla usada snorkel extremo norte isla fenomenal conseguir jugar leones resaltar vacaciones bien vale la pena,,isla recorrida barco inicio guía turístico historia informativa isla incluyendo perla isla usada snorkel extremo norte isla fenomenal conseguir jugar leones resaltar vacaciones bien vale la pena,27,False,es,es,isla recorrer barco inicio guía turístico historia informativo isla incluir perla isla usar snorkel extremo norte isla fenomenal conseguir jugar león resaltar vacación vale pena,25
La Paz,,trip,,"Pasé el día viajando por la isla, lugar, aves espectaculares, leones, snorkel, geología, visita de un día maravilloso, paz, debe pasar menos día, espíritu.",,pasé el día viajando por la isla lugar aves espectaculares leones snorkel geología visita de un día maravilloso paz debe pasar menos día espíritu,24,False,es,es,pasar viajar isla ave espectacular león snorkel geología visita maravilloso paz debe pasar espíritu,14
La Paz,,trip,,hay que ver paz fue a bucear paz guías increíbles leones llevados islas del extremo norte área de depredadores naturales dejar hacer snorkel cerca de los cachorros machos bastante amigables muy parecidos a las personas isla principal historia interesante hermosas playas de arena blanca increíble vida salvaje ve a disfrutar,,hay que ver paz fue a bucear paz guías increíbles leones llevados islas del extremo norte área de depredadores naturales dejar hacer snorkel cerca de los cachorros machos bastante amigables muy parecidos a las personas isla principal historia interesante hermosas playas de arena blanca increíble vida salvaje ve a disfrutar,50,False,es,es,ver paz bucear paz guía increíble león llevar isla del extremo norte área depredador natural dejar snorkel cerca cachorro macho amigable parecido persona isla principal historia interesante hermoso playa arena blanco increíble vida salvaje disfrutar,35
La Paz,,trip,,esposa tour en barco isla organizado a través del hotel paz uno de los mejores días de la vida decir lugar increíble crucero vi delfines ballenas bien bucear con esnórquel leones salvajes ensenada de almuerzo superior practicó snorkel alrededor del arrecife de coral preparar el almuerzo playa absolutamente imprescindible,,esposa tour en barco isla organizado a través del hotel paz uno de los mejores días de la vida decir lugar increíble crucero vi delfines ballenas bien bucear con esnórquel leones salvajes ensenada de almuerzo superior practicó snorkel alrededor del arrecife de coral preparar el almuerzo playa absolutamente imprescindible,49,False,es,es,esposar tour barco isla organizar través del hotel paz mejorar vida decir increíble crucero delfín ballena bucear esnórquel león salvaje ensenada almuerzo superior practicar snorkel alrededor del arrecife coral preparar almuerzo playa absolutamente imprescindible,34
La Paz,,trip,,el viaje vale la pena el tiempo costo agua hermosa nos hizo pensar bucear leones variedad hermosos peces coral saludable visto años viendo delfines jugar viaje excelentes guías mejor bucear años debido ambiente protegido me alegro de haber ido,,el viaje vale la pena el tiempo costo agua hermosa nos hizo pensar bucear leones variedad hermosos peces coral saludable visto años viendo delfines jugar viaje excelentes guías mejor bucear años debido ambiente protegido me alegro de haber ido,39,False,es,es,viaje vale pena tiempo costo agua hermoso hacer pensar bucear león variedad hermoso pecar coral saludable vestir ver delfín jugar viaje excelente guía mejor bucear deber ambiente protegido alegro ir,30
La Paz,,trip,,mucho ver experiencia nadó manta leones toneladas peces durmió playas de arena blanca entender llamado área mundo al aire libre,,mucho ver experiencia nadó manta leones toneladas peces durmió playas de arena blanca entender llamado área mundo al aire libre,20,False,es,es,ver experiencia nadar manta león tonelada pecar dormir playa arena blanco entender llamado área mundo aire libre,17
La Paz,,trip,,hermosas numerosas playas acantilados espectaculares clima hermoso agua azul clara peces abundantes vida marina historia regresar,,hermosas numerosas playas acantilados espectaculares clima hermoso agua azul clara peces abundantes vida marina historia regresar,16,False,otro,es,hermoso numeroso playa acantilado espectacular clima hermoso agua azul clara pecar abundante vida marina historia regresar,16
La Paz,,trip,,reservado baja tours dulce habla inglés desafortunadamente habla español guía turístico increíble contar trabajo apasionado leones pez vida vegetal increíble señorita niños amado niños largos decente realmente disfrutar recomendar traje de neopreno creo que se enfrió extra,,reservado baja tours dulce habla inglés desafortunadamente habla español guía turístico increíble contar trabajo apasionado leones pez vida vegetal increíble señorita niños amado niños largos decente realmente disfrutar recomendar traje de neopreno creo que se enfrió extra,37,False,es,es,reservado baja tour dulce habla inglés desafortunadamente habla español guía turístico increíble contar trabajo apasionar león pez vida vegetal increíble señorito niño amado niño largo decente realmente disfrutar recomendar traje neopreno crear enfriar extra,34
La Paz,,trip,,baja tours brindó un gran recorrido área de la isla tipos llenos pájaros peces animales terrestres formaciones rocosas playa increíble almuerzo detenido combinación perfecta arena blanca agua azul clara guía turístico área extremadamente conocedora necesito hacer un recorrido,,baja tours brindó un gran recorrido área de la isla tipos llenos pájaros peces animales terrestres formaciones rocosas playa increíble almuerzo detenido combinación perfecta arena blanca agua azul clara guía turístico área extremadamente conocedora necesito hacer un recorrido,38,False,es,es,baja tour brindar gran recorrido área isla lleno pájaro pecar animal terrestre formación rocoso playa increíble almuerzo detenido combinación perfecto arena blanco agua azul clara guía turístico área extremadamente conocedor necesitar recorrido,32
La Paz,,trip,,tiempo fantástico nadando leones buceando alrededor de la isla señorita leones juguetón un lado en realidad mojarse trajes deben traerse nadar perfecto,,tiempo fantástico nadando leones buceando alrededor de la isla señorita leones juguetón un lado en realidad mojarse trajes deben traerse nadar perfecto,22,False,es,es,tiempo fantástico nadar león bucear alrededor isla señorito león juguetón lado realidad mojarse traje deber traerse nadar perfecto,18
La Paz,,trip,,lugar especial como nada mas quiero recordar siempre,,lugar especial como nada mas quiero recordar siempre,8,False,otro,es,especial nada mas querer recordar,5
La Paz,,trip,,maravilloso viaje reservado excursiones a baja espíritu ir temprano evitar más tarde barcos nadar leones colgar almuerzo en la playa nadar leones fantástico,,maravilloso viaje reservado excursiones a baja espíritu ir temprano evitar más tarde barcos nadar leones colgar almuerzo en la playa nadar leones fantástico,23,False,es,es,maravilloso viaje reservado excursión baja espíritu temprano evitar tarde barco nadar león colgar almuerzo playa nadar león fantástico,18
La Paz,,trip,,excelente viaje naturaleza viajó isla espíritu santo a través de un pequeño bote llamado panga buceó leones primera parada siguiente parada buceó aventuras en la playa almuerzo preparado nosotros ceviche fresco excelente un viaje vi muchas fragatas magníficas incluso bebés isla hecha roca volcánica formaciones interesantes uno parece una máscara altamente recomiendo el viaje cualquiera que visite paz seguro traer chaqueta estuche se pone bastante frío viaje de regreso,,excelente viaje naturaleza viajó isla espíritu santo a través de un pequeño bote llamado panga buceó leones primera parada siguiente parada buceó aventuras en la playa almuerzo preparado nosotros ceviche fresco excelente un viaje vi muchas fragatas magníficas incluso bebés isla hecha roca volcánica formaciones interesantes uno parece una máscara altamente recomiendo el viaje cualquiera que visite paz seguro traer chaqueta estuche se pone bastante frío viaje de regreso,69,False,es,es,excelente viaje naturaleza viajar isla espíritu santo través pequeño bote llamado panga bucear león parada siguiente parada bucear aventura playa almuerzo preparado ceviche fresco excelente viaje fragata magnífico incluso bebé isla hacer roca volcánico formación interesante parecer máscara altamente recomendar viaje cualquiera visitar paz seguro traer chaqueta estuche poner frío viaje regreso,52
La Paz,,trip,,asegúrese de reservar aventuras a los mejores invitados les encantó el viaje no puedo esperar volver una cosa paz,,asegúrese de reservar aventuras a los mejores invitados les encantó el viaje no puedo esperar volver una cosa paz,19,False,es,es,asegúrese reservar aventura mejorar invitado encantar viaje poder esperar volver paz,11
La Paz,,trip,,tours usados ​​guía turístico muy razonable ir a la isla ver diferentes formaciones rocosas cosas nadar leones almuerzo playa casi desierta gran día recomiendo encarecidamente a las familias,,tours usados guía turístico muy razonable ir a la isla ver diferentes formaciones rocosas cosas nadar leones almuerzo playa casi desierta gran día recomiendo encarecidamente a las familias,28,False,es,es,tour usarse guía turístico razonable isla ver diferente formación rocoso nadar león almuerzo playa desierto gran recomendar encarecidamente familia,19
La Paz,,trip,,disfruté nadando leones haciendo snorkel en el agua poco nada también proporcionan trajes de neopreno quieren frío,,disfruté nadando leones haciendo snorkel en el agua poco nada también proporcionan trajes de neopreno quieren frío,17,False,es,es,disfrutar nadar león hacendar snorkel agua nada proporcionar traje neopreno querer frío,12
La Paz,,trip,,el viaje a la isla definitivamente vale la pena hacer snorkel leones amigables delfines playas en barco formaciones rocosas isla impresionante,,el viaje a la isla definitivamente vale la pena hacer snorkel leones amigables delfines playas en barco formaciones rocosas isla impresionante,21,False,es,es,viaje isla definitivamente vale pena snorkel león amigable delfín playa barco formación rocoso isla impresionante,15
La Paz,,trip,,evitar aventuras preguntar a la gente directamente restaurante oferta de playa pesos incluyen ceviche bebidas isla completa bueno elegir día viento tomar viento sentarse atrás bote traje de neopreno nadar leones parada en la playa lindo día,,evitar aventuras preguntar a la gente directamente restaurante oferta de playa pesos incluyen ceviche bebidas isla completa bueno elegir día viento tomar viento sentarse atrás bote traje de neopreno nadar leones parada en la playa lindo día,37,True,es,otro,,0
La Paz,,trip,,paisajes increíbles vida increíble guías increíbles dicen bien viaje dicen que algo podría agregar venga probablemente días tranquilos disfrute remando snorkeling debe ser viajeros aventureros,,paisajes increíbles vida increíble guías increíbles dicen bien viaje dicen que algo podría agregar venga probablemente días tranquilos disfrute remando snorkeling debe ser viajeros aventureros,25,False,es,es,paisaje increíble vida increíble guía increíble decir viaje decir algo poder agregar vengar probablemente tranquilo disfrute remar snorkeling debe viajero aventurero,21
La Paz,,trip,,segunda revisión la isla regresó obtener buceo excelente primero tomar compañía de buena reputación como centro de buceo baño pequeño botes trajes de neopreno necesarios baja aventuras también compañía de buena reputación chicos playas puede menos tener en cuenta la hora medio océano seguridad ahorro importante ir a la playa asegúrese de que los chalecos salvavidas se sorprendan encuentre muchos equipos de seguridad no vaya a la zona error viento olas tiempo dicho señorita isla tome un par extra de bocadillos extra estuche de bebidas como el día del barco no deje que el tiempo de preparación sea visto guía hable inglés recuerde simplemente preparado no parezca turista otros carecen de planificación planifique con anticipación el momento adecuado vida bajo el agua,,segunda revisión la isla regresó obtener buceo excelente primero tomar compañía de buena reputación como centro de buceo baño pequeño botes trajes de neopreno necesarios baja aventuras también compañía de buena reputación chicos playas puede menos tener en cuenta la hora medio océano seguridad ahorro importante ir a la playa asegúrese de que los chalecos salvavidas se sorprendan encuentre muchos equipos de seguridad no vaya a la zona error viento olas tiempo dicho señorita isla tome un par extra de bocadillos extra estuche de bebidas como el día del barco no deje que el tiempo de preparación sea visto guía hable inglés recuerde simplemente preparado no parezca turista otros carecen de planificación planifique con anticipación el momento adecuado vida bajo el agua,122,False,es,es,revisión isla regresar obtener buceo excelente primero tomar compañía bueno reputación centro buceo baño pequeño bote traje neopreno necesario baja aventura compañía bueno reputación chico playa poder cuenta hora medio océano seguridad ahorro importante playa asegúrese chaleco salvavidas sorprender encontrar equipo seguridad vaya zona error viento ola tiempo dicho señorito isla tomar par extra bocadillo extra estuche bebida del barco deje tiempo preparación sea vestir guía hablar inglés recordar simplemente preparado parecer turista carecer planificación planificar anticipación adecuar vida agua,80
La Paz,,trip,,gran viaje snorkel leones uso tours fantástico reservar malecón más barato,,gran viaje snorkel leones uso tours fantástico reservar malecón más barato,11,False,es,es,gran viaje snorkel león uso tour fantástico reservar malecón barato,10
La Paz,,trip,,toda la familia tomó paz isla espíritu santo hora de buceo isla mantener los ojos puede ver ballenas camino isla minuto buceo focas leones venir visitar largo calma intentar alcanzar tocar agradable variedad pez estrella de mar buena visibilidad bajo el agua perder oportunidad agua seguro querer disfrutar grupo juguetón,,toda la familia tomó paz isla espíritu santo hora de buceo isla mantener los ojos puede ver ballenas camino isla minuto buceo focas leones venir visitar largo calma intentar alcanzar tocar agradable variedad pez estrella de mar buena visibilidad bajo el agua perder oportunidad agua seguro querer disfrutar grupo juguetón,50,False,es,es,familia tomar paz isla espíritu santo hora buceo isla mantener ojo poder ver ballena camino isla minuto buceo foca león venir visitar largo calma intentar alcanzar tocar agradable variedad pez estrella mar bueno visibilidad agua perder oportunidad agua seguro querer disfrutar grupo juguetón,43
